,link
0,https://www.comparis.ch/immobilien/marktplatz/details/show/23016581
1,https://www.comparis.ch/immobilien/marktplatz/details/show/23016600
2,https://www.comparis.ch/immobilien/marktplatz/details/show/23014342
3,https://www.comparis.ch/immobilien/marktplatz/details/show/23017350
4,https://www.comparis.ch/immobilien/marktplatz/details/show/23016559
5,https://www.comparis.ch/immobilien/marktplatz/details/show/23014346
6,https://www.comparis.ch/immobilien/marktplatz/details/show/23016606
7,https://www.comparis.ch/immobilien/marktplatz/details/show/23014344
8,https://www.comparis.ch/immobilien/marktplatz/details/show/23014339
9,https://www.comparis.ch/immobilien/marktplatz/details/show/23018295
10,https://www.comparis.ch/immobilien/marktplatz/details/show/23023602
11,https://www.comparis.ch/immobilien/marktplatz/details/show/23023377
12,https://www.comparis.ch/immobilien/marktplatz/details/show/23023371
13,https://www.comparis.ch/immobilien/marktplatz/details/show/23020985
14,https://www.comparis.ch/immobilien/marktplatz/details/show/23020983
15,https://www.comparis.ch/immobilien/marktplatz/details/show/23023376
16,https://www.comparis.ch/immobilien/marktplatz/details/show/23023374
17,https://www.comparis.ch/immobilien/marktplatz/details/show/23022989
18,https://www.comparis.ch/immobilien/marktplatz/details/show/23018279
19,https://www.comparis.ch/immobilien/marktplatz/details/show/23018904
20,https://www.comparis.ch/immobilien/marktplatz/details/show/23016581
21,https://www.comparis.ch/immobilien/marktplatz/details/show/23016600
22,https://www.comparis.ch/immobilien/marktplatz/details/show/23014342
23,https://www.comparis.ch/immobilien/marktplatz/details/show/23017350
24,https://www.comparis.ch/immobilien/marktplatz/details/show/23016559
25,https://www.comparis.ch/immobilien/marktplatz/details/show/23014346
26,https://www.comparis.ch/immobilien/marktplatz/details/show/23016606
27,https://www.comparis.ch/immobilien/marktplatz/details/show/23014344
28,https://www.comparis.ch/immobilien/marktplatz/details/show/23014339
29,https://www.comparis.ch/immobilien/marktplatz/details/show/23018295
30,https://www.comparis.ch/immobilien/marktplatz/details/show/23014336
31,https://www.comparis.ch/immobilien/marktplatz/details/show/23012211
32,https://www.comparis.ch/immobilien/marktplatz/details/show/23014335
33,https://www.comparis.ch/immobilien/marktplatz/details/show/23012690
34,https://www.comparis.ch/immobilien/marktplatz/details/show/23012299
35,https://www.comparis.ch/immobilien/marktplatz/details/show/23012149
36,https://www.comparis.ch/immobilien/marktplatz/details/show/23012863
37,https://www.comparis.ch/immobilien/marktplatz/details/show/23012147
38,https://www.comparis.ch/immobilien/marktplatz/details/show/23012689
39,https://www.comparis.ch/immobilien/marktplatz/details/show/23024824
40,https://www.comparis.ch/immobilien/marktplatz/details/show/23010526
41,https://www.comparis.ch/immobilien/marktplatz/details/show/23011226
42,https://www.comparis.ch/immobilien/marktplatz/details/show/23011219
43,https://www.comparis.ch/immobilien/marktplatz/details/show/23011217
44,https://www.comparis.ch/immobilien/marktplatz/details/show/23011230
45,https://www.comparis.ch/immobilien/marktplatz/details/show/23011216
46,https://www.comparis.ch/immobilien/marktplatz/details/show/23012103
47,https://www.comparis.ch/immobilien/marktplatz/details/show/23011229
48,https://www.comparis.ch/immobilien/marktplatz/details/show/23011220
49,https://www.comparis.ch/immobilien/marktplatz/details/show/23018298
50,https://www.comparis.ch/immobilien/marktplatz/details/show/23009321
51,https://www.comparis.ch/immobilien/marktplatz/details/show/23011795
52,https://www.comparis.ch/immobilien/marktplatz/details/show/23008236
53,https://www.comparis.ch/immobilien/marktplatz/details/show/23010040
54,https://www.comparis.ch/immobilien/marktplatz/details/show/23009241
55,https://www.comparis.ch/immobilien/marktplatz/details/show/23009096
56,https://www.comparis.ch/immobilien/marktplatz/details/show/23008832
57,https://www.comparis.ch/immobilien/marktplatz/details/show/23009245
58,https://www.comparis.ch/immobilien/marktplatz/details/show/23009092
59,https://www.comparis.ch/immobilien/marktplatz/details/show/23012360
60,https://www.comparis.ch/immobilien/marktplatz/details/show/23001635
61,https://www.comparis.ch/immobilien/marktplatz/details/show/23023375
62,https://www.comparis.ch/immobilien/marktplatz/details/show/23004548
63,https://www.comparis.ch/immobilien/marktplatz/details/show/23003638
64,https://www.comparis.ch/immobilien/marktplatz/details/show/23003778
65,https://www.comparis.ch/immobilien/marktplatz/details/show/23001358
66,https://www.comparis.ch/immobilien/marktplatz/details/show/23007278
67,https://www.comparis.ch/immobilien/marktplatz/details/show/23001357
68,https://www.comparis.ch/immobilien/marktplatz/details/show/23004647
69,https://www.comparis.ch/immobilien/marktplatz/details/show/23008032
70,https://www.comparis.ch/immobilien/marktplatz/details/show/23000701
71,https://www.comparis.ch/immobilien/marktplatz/details/show/22996918
72,https://www.comparis.ch/immobilien/marktplatz/details/show/23000224
73,https://www.comparis.ch/immobilien/marktplatz/details/show/22999678
74,https://www.comparis.ch/immobilien/marktplatz/details/show/23000765
75,https://www.comparis.ch/immobilien/marktplatz/details/show/23001261
76,https://www.comparis.ch/immobilien/marktplatz/details/show/22998916
77,https://www.comparis.ch/immobilien/marktplatz/details/show/22999554
78,https://www.comparis.ch/immobilien/marktplatz/details/show/22999694
79,https://www.comparis.ch/immobilien/marktplatz/details/show/22999794
80,https://www.comparis.ch/immobilien/marktplatz/details/show/22996209
81,https://www.comparis.ch/immobilien/marktplatz/details/show/22995891
82,https://www.comparis.ch/immobilien/marktplatz/details/show/18016327
83,https://www.comparis.ch/immobilien/marktplatz/details/show/22996108
84,https://www.comparis.ch/immobilien/marktplatz/details/show/22996914
85,https://www.comparis.ch/immobilien/marktplatz/details/show/22996295
86,https://www.comparis.ch/immobilien/marktplatz/details/show/23005365
87,https://www.comparis.ch/immobilien/marktplatz/details/show/22996913
88,https://www.comparis.ch/immobilien/marktplatz/details/show/22995468
89,https://www.comparis.ch/immobilien/marktplatz/details/show/22996912
90,https://www.comparis.ch/immobilien/marktplatz/details/show/22992739
91,https://www.comparis.ch/immobilien/marktplatz/details/show/22992547
92,https://www.comparis.ch/immobilien/marktplatz/details/show/22992825
93,https://www.comparis.ch/immobilien/marktplatz/details/show/22993702
94,https://www.comparis.ch/immobilien/marktplatz/details/show/22995364
95,https://www.comparis.ch/immobilien/marktplatz/details/show/22999034
96,https://www.comparis.ch/immobilien/marktplatz/details/show/22992694
97,https://www.comparis.ch/immobilien/marktplatz/details/show/22992548
98,https://www.comparis.ch/immobilien/marktplatz/details/show/22992763
99,https://www.comparis.ch/immobilien/marktplatz/details/show/22992939
100,https://www.comparis.ch/immobilien/marktplatz/details/show/22991121
101,https://www.comparis.ch/immobilien/marktplatz/details/show/22992542
102,https://www.comparis.ch/immobilien/marktplatz/details/show/22990768
103,https://www.comparis.ch/immobilien/marktplatz/details/show/22992695
104,https://www.comparis.ch/immobilien/marktplatz/details/show/22991787
105,https://www.comparis.ch/immobilien/marktplatz/details/show/22992543
106,https://www.comparis.ch/immobilien/marktplatz/details/show/22992351
107,https://www.comparis.ch/immobilien/marktplatz/details/show/22992693
108,https://www.comparis.ch/immobilien/marktplatz/details/show/22992349
109,https://www.comparis.ch/immobilien/marktplatz/details/show/22990698
110,https://www.comparis.ch/immobilien/marktplatz/details/show/22989570
111,https://www.comparis.ch/immobilien/marktplatz/details/show/22988325
112,https://www.comparis.ch/immobilien/marktplatz/details/show/22989566
113,https://www.comparis.ch/immobilien/marktplatz/details/show/22988936
114,https://www.comparis.ch/immobilien/marktplatz/details/show/22990583
115,https://www.comparis.ch/immobilien/marktplatz/details/show/22990662
116,https://www.comparis.ch/immobilien/marktplatz/details/show/22989564
117,https://www.comparis.ch/immobilien/marktplatz/details/show/22987640
118,https://www.comparis.ch/immobilien/marktplatz/details/show/22996917
119,https://www.comparis.ch/immobilien/marktplatz/details/show/22989088
120,https://www.comparis.ch/immobilien/marktplatz/details/show/22985085
121,https://www.comparis.ch/immobilien/marktplatz/details/show/22983446
122,https://www.comparis.ch/immobilien/marktplatz/details/show/22988431
123,https://www.comparis.ch/immobilien/marktplatz/details/show/22985629
124,https://www.comparis.ch/immobilien/marktplatz/details/show/22985339
125,https://www.comparis.ch/immobilien/marktplatz/details/show/22985624
126,https://www.comparis.ch/immobilien/marktplatz/details/show/22983541
127,https://www.comparis.ch/immobilien/marktplatz/details/show/22984174
128,https://www.comparis.ch/immobilien/marktplatz/details/show/22985498
129,https://www.comparis.ch/immobilien/marktplatz/details/show/22984975
130,https://www.comparis.ch/immobilien/marktplatz/details/show/22988283
131,https://www.comparis.ch/immobilien/marktplatz/details/show/22982410
132,https://www.comparis.ch/immobilien/marktplatz/details/show/22981792
133,https://www.comparis.ch/immobilien/marktplatz/details/show/22978925
134,https://www.comparis.ch/immobilien/marktplatz/details/show/22983111
135,https://www.comparis.ch/immobilien/marktplatz/details/show/22978923
136,https://www.comparis.ch/immobilien/marktplatz/details/show/22983220
137,https://www.comparis.ch/immobilien/marktplatz/details/show/22983138
138,https://www.comparis.ch/immobilien/marktplatz/details/show/22992546
139,https://www.comparis.ch/immobilien/marktplatz/details/show/22981726
140,https://www.comparis.ch/immobilien/marktplatz/details/show/22976921
141,https://www.comparis.ch/immobilien/marktplatz/details/show/22978084
142,https://www.comparis.ch/immobilien/marktplatz/details/show/22978104
143,https://www.comparis.ch/immobilien/marktplatz/details/show/22977163
144,https://www.comparis.ch/immobilien/marktplatz/details/show/22976434
145,https://www.comparis.ch/immobilien/marktplatz/details/show/22976247
146,https://www.comparis.ch/immobilien/marktplatz/details/show/22976109
147,https://www.comparis.ch/immobilien/marktplatz/details/show/22989567
148,https://www.comparis.ch/immobilien/marktplatz/details/show/23015857
149,https://www.comparis.ch/immobilien/marktplatz/details/show/22977159
150,https://www.comparis.ch/immobilien/marktplatz/details/show/22973983
151,https://www.comparis.ch/immobilien/marktplatz/details/show/22972391
152,https://www.comparis.ch/immobilien/marktplatz/details/show/22975983
153,https://www.comparis.ch/immobilien/marktplatz/details/show/22983532
154,https://www.comparis.ch/immobilien/marktplatz/details/show/22976101
155,https://www.comparis.ch/immobilien/marktplatz/details/show/17555800
156,https://www.comparis.ch/immobilien/marktplatz/details/show/22974055
157,https://www.comparis.ch/immobilien/marktplatz/details/show/22974414
158,https://www.comparis.ch/immobilien/marktplatz/details/show/22972384
159,https://www.comparis.ch/immobilien/marktplatz/details/show/22976009
160,https://www.comparis.ch/immobilien/marktplatz/details/show/22968430
161,https://www.comparis.ch/immobilien/marktplatz/details/show/22972274
162,https://www.comparis.ch/immobilien/marktplatz/details/show/22970510
163,https://www.comparis.ch/immobilien/marktplatz/details/show/22969201
164,https://www.comparis.ch/immobilien/marktplatz/details/show/22972269
165,https://www.comparis.ch/immobilien/marktplatz/details/show/22972268
166,https://www.comparis.ch/immobilien/marktplatz/details/show/22970532
167,https://www.comparis.ch/immobilien/marktplatz/details/show/22970533
168,https://www.comparis.ch/immobilien/marktplatz/details/show/22970327
169,https://www.comparis.ch/immobilien/marktplatz/details/show/22969161
170,https://www.comparis.ch/immobilien/marktplatz/details/show/22970590
171,https://www.comparis.ch/immobilien/marktplatz/details/show/22965669
172,https://www.comparis.ch/immobilien/marktplatz/details/show/22965670
173,https://www.comparis.ch/immobilien/marktplatz/details/show/22967255
174,https://www.comparis.ch/immobilien/marktplatz/details/show/22970172
175,https://www.comparis.ch/immobilien/marktplatz/details/show/22967543
176,https://www.comparis.ch/immobilien/marktplatz/details/show/22967107
177,https://www.comparis.ch/immobilien/marktplatz/details/show/22967185
178,https://www.comparis.ch/immobilien/marktplatz/details/show/22965671
179,https://www.comparis.ch/immobilien/marktplatz/details/show/22975988
180,https://www.comparis.ch/immobilien/marktplatz/details/show/22965666
181,https://www.comparis.ch/immobilien/marktplatz/details/show/22965663
182,https://www.comparis.ch/immobilien/marktplatz/details/show/22965117
183,https://www.comparis.ch/immobilien/marktplatz/details/show/22965360
184,https://www.comparis.ch/immobilien/marktplatz/details/show/22965114
185,https://www.comparis.ch/immobilien/marktplatz/details/show/22967024
186,https://www.comparis.ch/immobilien/marktplatz/details/show/22965361
187,https://www.comparis.ch/immobilien/marktplatz/details/show/22963491
188,https://www.comparis.ch/immobilien/marktplatz/details/show/22965391
189,https://www.comparis.ch/immobilien/marktplatz/details/show/22965421
190,https://www.comparis.ch/immobilien/marktplatz/details/show/22960601
191,https://www.comparis.ch/immobilien/marktplatz/details/show/22978918
192,https://www.comparis.ch/immobilien/marktplatz/details/show/22961573
193,https://www.comparis.ch/immobilien/marktplatz/details/show/22963488
194,https://www.comparis.ch/immobilien/marktplatz/details/show/22962980
195,https://www.comparis.ch/immobilien/marktplatz/details/show/22958131
196,https://www.comparis.ch/immobilien/marktplatz/details/show/22961553
197,https://www.comparis.ch/immobilien/marktplatz/details/show/22962895
198,https://www.comparis.ch/immobilien/marktplatz/details/show/22962389
199,https://www.comparis.ch/immobilien/marktplatz/details/show/22963487
200,https://www.comparis.ch/immobilien/marktplatz/details/show/22955102
201,https://www.comparis.ch/immobilien/marktplatz/details/show/22956336
202,https://www.comparis.ch/immobilien/marktplatz/details/show/22958129
203,https://www.comparis.ch/immobilien/marktplatz/details/show/22955398
204,https://www.comparis.ch/immobilien/marktplatz/details/show/22955045
205,https://www.comparis.ch/immobilien/marktplatz/details/show/22955397
206,https://www.comparis.ch/immobilien/marktplatz/details/show/22955403
207,https://www.comparis.ch/immobilien/marktplatz/details/show/22955768
208,https://www.comparis.ch/immobilien/marktplatz/details/show/22955757
209,https://www.comparis.ch/immobilien/marktplatz/details/show/23000226
210,https://www.comparis.ch/immobilien/marktplatz/details/show/22952290
211,https://www.comparis.ch/immobilien/marktplatz/details/show/23004673
212,https://www.comparis.ch/immobilien/marktplatz/details/show/22954473
213,https://www.comparis.ch/immobilien/marktplatz/details/show/22951911
214,https://www.comparis.ch/immobilien/marktplatz/details/show/22952289
215,https://www.comparis.ch/immobilien/marktplatz/details/show/22962722
216,https://www.comparis.ch/immobilien/marktplatz/details/show/22954197
217,https://www.comparis.ch/immobilien/marktplatz/details/show/22955753
218,https://www.comparis.ch/immobilien/marktplatz/details/show/22962560
219,https://www.comparis.ch/immobilien/marktplatz/details/show/22965416
220,https://www.comparis.ch/immobilien/marktplatz/details/show/22949449
221,https://www.comparis.ch/immobilien/marktplatz/details/show/22946536
222,https://www.comparis.ch/immobilien/marktplatz/details/show/22949689
223,https://www.comparis.ch/immobilien/marktplatz/details/show/22947161
224,https://www.comparis.ch/immobilien/marktplatz/details/show/22946168
225,https://www.comparis.ch/immobilien/marktplatz/details/show/22949555
226,https://www.comparis.ch/immobilien/marktplatz/details/show/22963729
227,https://www.comparis.ch/immobilien/marktplatz/details/show/22947888
228,https://www.comparis.ch/immobilien/marktplatz/details/show/22951125
229,https://www.comparis.ch/immobilien/marktplatz/details/show/13552194
230,https://www.comparis.ch/immobilien/marktplatz/details/show/22951945
231,https://www.comparis.ch/immobilien/marktplatz/details/show/22943663
232,https://www.comparis.ch/immobilien/marktplatz/details/show/22944029
233,https://www.comparis.ch/immobilien/marktplatz/details/show/22944583
234,https://www.comparis.ch/immobilien/marktplatz/details/show/22951947
235,https://www.comparis.ch/immobilien/marktplatz/details/show/22944580
236,https://www.comparis.ch/immobilien/marktplatz/details/show/22944050
237,https://www.comparis.ch/immobilien/marktplatz/details/show/22944585
238,https://www.comparis.ch/immobilien/marktplatz/details/show/22946123
239,https://www.comparis.ch/immobilien/marktplatz/details/show/22944589
240,https://www.comparis.ch/immobilien/marktplatz/details/show/22939406
241,https://www.comparis.ch/immobilien/marktplatz/details/show/22941234
242,https://www.comparis.ch/immobilien/marktplatz/details/show/22940683
243,https://www.comparis.ch/immobilien/marktplatz/details/show/22942586
244,https://www.comparis.ch/immobilien/marktplatz/details/show/22940018
245,https://www.comparis.ch/immobilien/marktplatz/details/show/22943190
246,https://www.comparis.ch/immobilien/marktplatz/details/show/22943189
247,https://www.comparis.ch/immobilien/marktplatz/details/show/22939433
248,https://www.comparis.ch/immobilien/marktplatz/details/show/22939382
249,https://www.comparis.ch/immobilien/marktplatz/details/show/22939407
250,https://www.comparis.ch/immobilien/marktplatz/details/show/22939305
251,https://www.comparis.ch/immobilien/marktplatz/details/show/22939638
252,https://www.comparis.ch/immobilien/marktplatz/details/show/22939332
253,https://www.comparis.ch/immobilien/marktplatz/details/show/22999552
254,https://www.comparis.ch/immobilien/marktplatz/details/show/22939276
255,https://www.comparis.ch/immobilien/marktplatz/details/show/22939313
256,https://www.comparis.ch/immobilien/marktplatz/details/show/22938234
257,https://www.comparis.ch/immobilien/marktplatz/details/show/22939331
258,https://www.comparis.ch/immobilien/marktplatz/details/show/23023797
259,https://www.comparis.ch/immobilien/marktplatz/details/show/22939242
260,https://www.comparis.ch/immobilien/marktplatz/details/show/22934785
261,https://www.comparis.ch/immobilien/marktplatz/details/show/22936337
262,https://www.comparis.ch/immobilien/marktplatz/details/show/22934611
263,https://www.comparis.ch/immobilien/marktplatz/details/show/22934667
264,https://www.comparis.ch/immobilien/marktplatz/details/show/22936087
265,https://www.comparis.ch/immobilien/marktplatz/details/show/22936306
266,https://www.comparis.ch/immobilien/marktplatz/details/show/22936305
267,https://www.comparis.ch/immobilien/marktplatz/details/show/22934786
268,https://www.comparis.ch/immobilien/marktplatz/details/show/22972267
269,https://www.comparis.ch/immobilien/marktplatz/details/show/22934107
270,https://www.comparis.ch/immobilien/marktplatz/details/show/22930157
271,https://www.comparis.ch/immobilien/marktplatz/details/show/23023378
272,https://www.comparis.ch/immobilien/marktplatz/details/show/22930381
273,https://www.comparis.ch/immobilien/marktplatz/details/show/22930380
274,https://www.comparis.ch/immobilien/marktplatz/details/show/22930475
275,https://www.comparis.ch/immobilien/marktplatz/details/show/22930236
276,https://www.comparis.ch/immobilien/marktplatz/details/show/22929352
277,https://www.comparis.ch/immobilien/marktplatz/details/show/22930674
278,https://www.comparis.ch/immobilien/marktplatz/details/show/22933485
279,https://www.comparis.ch/immobilien/marktplatz/details/show/22930732
280,https://www.comparis.ch/immobilien/marktplatz/details/show/22927851
281,https://www.comparis.ch/immobilien/marktplatz/details/show/22926768
282,https://www.comparis.ch/immobilien/marktplatz/details/show/22926744
283,https://www.comparis.ch/immobilien/marktplatz/details/show/22935654
284,https://www.comparis.ch/immobilien/marktplatz/details/show/22926841
285,https://www.comparis.ch/immobilien/marktplatz/details/show/22921196
286,https://www.comparis.ch/immobilien/marktplatz/details/show/22926787
287,https://www.comparis.ch/immobilien/marktplatz/details/show/22924690
288,https://www.comparis.ch/immobilien/marktplatz/details/show/22926854
289,https://www.comparis.ch/immobilien/marktplatz/details/show/22927538
290,https://www.comparis.ch/immobilien/marktplatz/details/show/22917444
291,https://www.comparis.ch/immobilien/marktplatz/details/show/22921966
292,https://www.comparis.ch/immobilien/marktplatz/details/show/22921444
293,https://www.comparis.ch/immobilien/marktplatz/details/show/22918193
294,https://www.comparis.ch/immobilien/marktplatz/details/show/22921968
295,https://www.comparis.ch/immobilien/marktplatz/details/show/22920049
296,https://www.comparis.ch/immobilien/marktplatz/details/show/22921036
297,https://www.comparis.ch/immobilien/marktplatz/details/show/22918325
298,https://www.comparis.ch/immobilien/marktplatz/details/show/22917445
299,https://www.comparis.ch/immobilien/marktplatz/details/show/22918106
300,https://www.comparis.ch/immobilien/marktplatz/details/show/22917261
301,https://www.comparis.ch/immobilien/marktplatz/details/show/22916861
302,https://www.comparis.ch/immobilien/marktplatz/details/show/22915007
303,https://www.comparis.ch/immobilien/marktplatz/details/show/22915512
304,https://www.comparis.ch/immobilien/marktplatz/details/show/22915626
305,https://www.comparis.ch/immobilien/marktplatz/details/show/22927029
306,https://www.comparis.ch/immobilien/marktplatz/details/show/22915623
307,https://www.comparis.ch/immobilien/marktplatz/details/show/22915513
308,https://www.comparis.ch/immobilien/marktplatz/details/show/22915909
309,https://www.comparis.ch/immobilien/marktplatz/details/show/22921967
310,https://www.comparis.ch/immobilien/marktplatz/details/show/22914284
311,https://www.comparis.ch/immobilien/marktplatz/details/show/22912691
312,https://www.comparis.ch/immobilien/marktplatz/details/show/22914440
313,https://www.comparis.ch/immobilien/marktplatz/details/show/22914286
314,https://www.comparis.ch/immobilien/marktplatz/details/show/22992549
315,https://www.comparis.ch/immobilien/marktplatz/details/show/22914048
316,https://www.comparis.ch/immobilien/marktplatz/details/show/22907779
317,https://www.comparis.ch/immobilien/marktplatz/details/show/22912720
318,https://www.comparis.ch/immobilien/marktplatz/details/show/22907776
319,https://www.comparis.ch/immobilien/marktplatz/details/show/22909233
320,https://www.comparis.ch/immobilien/marktplatz/details/show/22904990
321,https://www.comparis.ch/immobilien/marktplatz/details/show/22907750
322,https://www.comparis.ch/immobilien/marktplatz/details/show/22907663
323,https://www.comparis.ch/immobilien/marktplatz/details/show/22905888
324,https://www.comparis.ch/immobilien/marktplatz/details/show/22906685
325,https://www.comparis.ch/immobilien/marktplatz/details/show/22904395
326,https://www.comparis.ch/immobilien/marktplatz/details/show/22909204
327,https://www.comparis.ch/immobilien/marktplatz/details/show/22902034
328,https://www.comparis.ch/immobilien/marktplatz/details/show/22961182
329,https://www.comparis.ch/immobilien/marktplatz/details/show/22903942
330,https://www.comparis.ch/immobilien/marktplatz/details/show/22901311
331,https://www.comparis.ch/immobilien/marktplatz/details/show/22901294
332,https://www.comparis.ch/immobilien/marktplatz/details/show/22900020
333,https://www.comparis.ch/immobilien/marktplatz/details/show/22900019
334,https://www.comparis.ch/immobilien/marktplatz/details/show/22898386
335,https://www.comparis.ch/immobilien/marktplatz/details/show/22898387
336,https://www.comparis.ch/immobilien/marktplatz/details/show/22901545
337,https://www.comparis.ch/immobilien/marktplatz/details/show/22901993
338,https://www.comparis.ch/immobilien/marktplatz/details/show/22900764
339,https://www.comparis.ch/immobilien/marktplatz/details/show/22900625
340,https://www.comparis.ch/immobilien/marktplatz/details/show/22897108
341,https://www.comparis.ch/immobilien/marktplatz/details/show/22895173
342,https://www.comparis.ch/immobilien/marktplatz/details/show/22900690
343,https://www.comparis.ch/immobilien/marktplatz/details/show/22902420
344,https://www.comparis.ch/immobilien/marktplatz/details/show/22903422
345,https://www.comparis.ch/immobilien/marktplatz/details/show/22899965
346,https://www.comparis.ch/immobilien/marktplatz/details/show/22899897
347,https://www.comparis.ch/immobilien/marktplatz/details/show/22896587
348,https://www.comparis.ch/immobilien/marktplatz/details/show/22901261
349,https://www.comparis.ch/immobilien/marktplatz/details/show/22895843
350,https://www.comparis.ch/immobilien/marktplatz/details/show/22899973
351,https://www.comparis.ch/immobilien/marktplatz/details/show/22902421
352,https://www.comparis.ch/immobilien/marktplatz/details/show/22893424
353,https://www.comparis.ch/immobilien/marktplatz/details/show/22889307
354,https://www.comparis.ch/immobilien/marktplatz/details/show/22902010
355,https://www.comparis.ch/immobilien/marktplatz/details/show/22888686
356,https://www.comparis.ch/immobilien/marktplatz/details/show/22902801
357,https://www.comparis.ch/immobilien/marktplatz/details/show/23020982
358,https://www.comparis.ch/immobilien/marktplatz/details/show/22893423
359,https://www.comparis.ch/immobilien/marktplatz/details/show/22888808
360,https://www.comparis.ch/immobilien/marktplatz/details/show/22886505
361,https://www.comparis.ch/immobilien/marktplatz/details/show/22886506
362,https://www.comparis.ch/immobilien/marktplatz/details/show/22884352
363,https://www.comparis.ch/immobilien/marktplatz/details/show/22882531
364,https://www.comparis.ch/immobilien/marktplatz/details/show/22887292
365,https://www.comparis.ch/immobilien/marktplatz/details/show/22899979
366,https://www.comparis.ch/immobilien/marktplatz/details/show/22882344
367,https://www.comparis.ch/immobilien/marktplatz/details/show/22882504
368,https://www.comparis.ch/immobilien/marktplatz/details/show/22882630
369,https://www.comparis.ch/immobilien/marktplatz/details/show/23014341
370,https://www.comparis.ch/immobilien/marktplatz/details/show/22874742
371,https://www.comparis.ch/immobilien/marktplatz/details/show/22881488
372,https://www.comparis.ch/immobilien/marktplatz/details/show/22879005
373,https://www.comparis.ch/immobilien/marktplatz/details/show/13963125
374,https://www.comparis.ch/immobilien/marktplatz/details/show/22880969
375,https://www.comparis.ch/immobilien/marktplatz/details/show/22880464
376,https://www.comparis.ch/immobilien/marktplatz/details/show/22998672
377,https://www.comparis.ch/immobilien/marktplatz/details/show/22879392
378,https://www.comparis.ch/immobilien/marktplatz/details/show/22873707
379,https://www.comparis.ch/immobilien/marktplatz/details/show/22893420
380,https://www.comparis.ch/immobilien/marktplatz/details/show/22873043
381,https://www.comparis.ch/immobilien/marktplatz/details/show/22871189
382,https://www.comparis.ch/immobilien/marktplatz/details/show/22872140
383,https://www.comparis.ch/immobilien/marktplatz/details/show/22870085
384,https://www.comparis.ch/immobilien/marktplatz/details/show/22866634
385,https://www.comparis.ch/immobilien/marktplatz/details/show/22866077
386,https://www.comparis.ch/immobilien/marktplatz/details/show/22879006
387,https://www.comparis.ch/immobilien/marktplatz/details/show/22866920
388,https://www.comparis.ch/immobilien/marktplatz/details/show/22855263
389,https://www.comparis.ch/immobilien/marktplatz/details/show/22860992
390,https://www.comparis.ch/immobilien/marktplatz/details/show/22859930
391,https://www.comparis.ch/immobilien/marktplatz/details/show/22860642
392,https://www.comparis.ch/immobilien/marktplatz/details/show/22848071
393,https://www.comparis.ch/immobilien/marktplatz/details/show/22847922
394,https://www.comparis.ch/immobilien/marktplatz/details/show/22847911
395,https://www.comparis.ch/immobilien/marktplatz/details/show/22848078
396,https://www.comparis.ch/immobilien/marktplatz/details/show/22839519
397,https://www.comparis.ch/immobilien/marktplatz/details/show/22840923
398,https://www.comparis.ch/immobilien/marktplatz/details/show/22842292
399,https://www.comparis.ch/immobilien/marktplatz/details/show/22839518
400,https://www.comparis.ch/immobilien/marktplatz/details/show/22839483
401,https://www.comparis.ch/immobilien/marktplatz/details/show/22839459
402,https://www.comparis.ch/immobilien/marktplatz/details/show/22839465
403,https://www.comparis.ch/immobilien/marktplatz/details/show/22839479
404,https://www.comparis.ch/immobilien/marktplatz/details/show/22839386
405,https://www.comparis.ch/immobilien/marktplatz/details/show/22839381
406,https://www.comparis.ch/immobilien/marktplatz/details/show/22838846
407,https://www.comparis.ch/immobilien/marktplatz/details/show/22839385
408,https://www.comparis.ch/immobilien/marktplatz/details/show/22919640
409,https://www.comparis.ch/immobilien/marktplatz/details/show/22829703
410,https://www.comparis.ch/immobilien/marktplatz/details/show/22830980
411,https://www.comparis.ch/immobilien/marktplatz/details/show/15769803
412,https://www.comparis.ch/immobilien/marktplatz/details/show/22825593
413,https://www.comparis.ch/immobilien/marktplatz/details/show/22824535
414,https://www.comparis.ch/immobilien/marktplatz/details/show/22824407
415,https://www.comparis.ch/immobilien/marktplatz/details/show/22825361
416,https://www.comparis.ch/immobilien/marktplatz/details/show/22827667
417,https://www.comparis.ch/immobilien/marktplatz/details/show/23009097
418,https://www.comparis.ch/immobilien/marktplatz/details/show/22822874
419,https://www.comparis.ch/immobilien/marktplatz/details/show/22827517
420,https://www.comparis.ch/immobilien/marktplatz/details/show/22824895
421,https://www.comparis.ch/immobilien/marktplatz/details/show/22825563
422,https://www.comparis.ch/immobilien/marktplatz/details/show/22814014
423,https://www.comparis.ch/immobilien/marktplatz/details/show/22813792
424,https://www.comparis.ch/immobilien/marktplatz/details/show/22983797
425,https://www.comparis.ch/immobilien/marktplatz/details/show/22814753
426,https://www.comparis.ch/immobilien/marktplatz/details/show/22916934
427,https://www.comparis.ch/immobilien/marktplatz/details/show/22970502
428,https://www.comparis.ch/immobilien/marktplatz/details/show/22927852
429,https://www.comparis.ch/immobilien/marktplatz/details/show/22815003
430,https://www.comparis.ch/immobilien/marktplatz/details/show/22865840
431,https://www.comparis.ch/immobilien/marktplatz/details/show/22813105
432,https://www.comparis.ch/immobilien/marktplatz/details/show/22827393
433,https://www.comparis.ch/immobilien/marktplatz/details/show/22811978
434,https://www.comparis.ch/immobilien/marktplatz/details/show/22805667
435,https://www.comparis.ch/immobilien/marktplatz/details/show/22811917
436,https://www.comparis.ch/immobilien/marktplatz/details/show/22807785
437,https://www.comparis.ch/immobilien/marktplatz/details/show/22807752
438,https://www.comparis.ch/immobilien/marktplatz/details/show/22995363
439,https://www.comparis.ch/immobilien/marktplatz/details/show/23000222
440,https://www.comparis.ch/immobilien/marktplatz/details/show/22809674
441,https://www.comparis.ch/immobilien/marktplatz/details/show/23020988
442,https://www.comparis.ch/immobilien/marktplatz/details/show/22798844
443,https://www.comparis.ch/immobilien/marktplatz/details/show/22797115
444,https://www.comparis.ch/immobilien/marktplatz/details/show/11298313
445,https://www.comparis.ch/immobilien/marktplatz/details/show/22802012
446,https://www.comparis.ch/immobilien/marktplatz/details/show/22800070
447,https://www.comparis.ch/immobilien/marktplatz/details/show/22801396
448,https://www.comparis.ch/immobilien/marktplatz/details/show/22800082
449,https://www.comparis.ch/immobilien/marktplatz/details/show/22803547
450,https://www.comparis.ch/immobilien/marktplatz/details/show/22803667
451,https://www.comparis.ch/immobilien/marktplatz/details/show/22798843
452,https://www.comparis.ch/immobilien/marktplatz/details/show/22786595
453,https://www.comparis.ch/immobilien/marktplatz/details/show/22532506
454,https://www.comparis.ch/immobilien/marktplatz/details/show/22784408
455,https://www.comparis.ch/immobilien/marktplatz/details/show/22796811
456,https://www.comparis.ch/immobilien/marktplatz/details/show/22788477
457,https://www.comparis.ch/immobilien/marktplatz/details/show/22789185
458,https://www.comparis.ch/immobilien/marktplatz/details/show/22794824
459,https://www.comparis.ch/immobilien/marktplatz/details/show/22786788
460,https://www.comparis.ch/immobilien/marktplatz/details/show/22800024
461,https://www.comparis.ch/immobilien/marktplatz/details/show/22789894
462,https://www.comparis.ch/immobilien/marktplatz/details/show/22859998
463,https://www.comparis.ch/immobilien/marktplatz/details/show/22895174
464,https://www.comparis.ch/immobilien/marktplatz/details/show/22768541
465,https://www.comparis.ch/immobilien/marktplatz/details/show/22769686
466,https://www.comparis.ch/immobilien/marktplatz/details/show/22782084
467,https://www.comparis.ch/immobilien/marktplatz/details/show/22779118
468,https://www.comparis.ch/immobilien/marktplatz/details/show/22768618
469,https://www.comparis.ch/immobilien/marktplatz/details/show/22776336
470,https://www.comparis.ch/immobilien/marktplatz/details/show/22779980
471,https://www.comparis.ch/immobilien/marktplatz/details/show/22769497
472,https://www.comparis.ch/immobilien/marktplatz/details/show/22768529
473,https://www.comparis.ch/immobilien/marktplatz/details/show/22767470
474,https://www.comparis.ch/immobilien/marktplatz/details/show/22824579
475,https://www.comparis.ch/immobilien/marktplatz/details/show/22766460
476,https://www.comparis.ch/immobilien/marktplatz/details/show/22753594
477,https://www.comparis.ch/immobilien/marktplatz/details/show/22758233
478,https://www.comparis.ch/immobilien/marktplatz/details/show/22764611
479,https://www.comparis.ch/immobilien/marktplatz/details/show/22905956
480,https://www.comparis.ch/immobilien/marktplatz/details/show/22761302
481,https://www.comparis.ch/immobilien/marktplatz/details/show/22755271
482,https://www.comparis.ch/immobilien/marktplatz/details/show/22747620
483,https://www.comparis.ch/immobilien/marktplatz/details/show/22835037
484,https://www.comparis.ch/immobilien/marktplatz/details/show/22753919
485,https://www.comparis.ch/immobilien/marktplatz/details/show/22749729
486,https://www.comparis.ch/immobilien/marktplatz/details/show/13443727
487,https://www.comparis.ch/immobilien/marktplatz/details/show/22745340
488,https://www.comparis.ch/immobilien/marktplatz/details/show/22751367
489,https://www.comparis.ch/immobilien/marktplatz/details/show/22745150
490,https://www.comparis.ch/immobilien/marktplatz/details/show/22748294
491,https://www.comparis.ch/immobilien/marktplatz/details/show/22992348
492,https://www.comparis.ch/immobilien/marktplatz/details/show/22869511
493,https://www.comparis.ch/immobilien/marktplatz/details/show/22737231
494,https://www.comparis.ch/immobilien/marktplatz/details/show/22739903
495,https://www.comparis.ch/immobilien/marktplatz/details/show/22742331
496,https://www.comparis.ch/immobilien/marktplatz/details/show/22742980
497,https://www.comparis.ch/immobilien/marktplatz/details/show/22979612
498,https://www.comparis.ch/immobilien/marktplatz/details/show/22780636
499,https://www.comparis.ch/immobilien/marktplatz/details/show/22739908
500,https://www.comparis.ch/immobilien/marktplatz/details/show/22744843
501,https://www.comparis.ch/immobilien/marktplatz/details/show/22742085
502,https://www.comparis.ch/immobilien/marktplatz/details/show/22962806
503,https://www.comparis.ch/immobilien/marktplatz/details/show/22837321
504,https://www.comparis.ch/immobilien/marktplatz/details/show/22848279
505,https://www.comparis.ch/immobilien/marktplatz/details/show/22919672
506,https://www.comparis.ch/immobilien/marktplatz/details/show/22726324
507,https://www.comparis.ch/immobilien/marktplatz/details/show/22738662
508,https://www.comparis.ch/immobilien/marktplatz/details/show/22725944
509,https://www.comparis.ch/immobilien/marktplatz/details/show/22735651
510,https://www.comparis.ch/immobilien/marktplatz/details/show/16616241
511,https://www.comparis.ch/immobilien/marktplatz/details/show/22727212
512,https://www.comparis.ch/immobilien/marktplatz/details/show/22724110
513,https://www.comparis.ch/immobilien/marktplatz/details/show/15824060
514,https://www.comparis.ch/immobilien/marktplatz/details/show/22722271
515,https://www.comparis.ch/immobilien/marktplatz/details/show/22937891
516,https://www.comparis.ch/immobilien/marktplatz/details/show/22716779
517,https://www.comparis.ch/immobilien/marktplatz/details/show/22722868
518,https://www.comparis.ch/immobilien/marktplatz/details/show/22713248
519,https://www.comparis.ch/immobilien/marktplatz/details/show/22718754
520,https://www.comparis.ch/immobilien/marktplatz/details/show/22723917
521,https://www.comparis.ch/immobilien/marktplatz/details/show/22724285
522,https://www.comparis.ch/immobilien/marktplatz/details/show/22706892
523,https://www.comparis.ch/immobilien/marktplatz/details/show/22710869
524,https://www.comparis.ch/immobilien/marktplatz/details/show/22706318
525,https://www.comparis.ch/immobilien/marktplatz/details/show/22707491
526,https://www.comparis.ch/immobilien/marktplatz/details/show/22807828
527,https://www.comparis.ch/immobilien/marktplatz/details/show/22708977
528,https://www.comparis.ch/immobilien/marktplatz/details/show/10531133
529,https://www.comparis.ch/immobilien/marktplatz/details/show/22748881
530,https://www.comparis.ch/immobilien/marktplatz/details/show/22835706
531,https://www.comparis.ch/immobilien/marktplatz/details/show/22711254
532,https://www.comparis.ch/immobilien/marktplatz/details/show/22702206
533,https://www.comparis.ch/immobilien/marktplatz/details/show/22696103
534,https://www.comparis.ch/immobilien/marktplatz/details/show/22697866
535,https://www.comparis.ch/immobilien/marktplatz/details/show/22707454
536,https://www.comparis.ch/immobilien/marktplatz/details/show/22936928
537,https://www.comparis.ch/immobilien/marktplatz/details/show/22697752
538,https://www.comparis.ch/immobilien/marktplatz/details/show/22697849
539,https://www.comparis.ch/immobilien/marktplatz/details/show/22690402
540,https://www.comparis.ch/immobilien/marktplatz/details/show/22824955
541,https://www.comparis.ch/immobilien/marktplatz/details/show/22906085
542,https://www.comparis.ch/immobilien/marktplatz/details/show/22679898
543,https://www.comparis.ch/immobilien/marktplatz/details/show/22675401
544,https://www.comparis.ch/immobilien/marktplatz/details/show/22685481
545,https://www.comparis.ch/immobilien/marktplatz/details/show/22654425
546,https://www.comparis.ch/immobilien/marktplatz/details/show/22917114
547,https://www.comparis.ch/immobilien/marktplatz/details/show/22688757
548,https://www.comparis.ch/immobilien/marktplatz/details/show/22656456
549,https://www.comparis.ch/immobilien/marktplatz/details/show/22673675
550,https://www.comparis.ch/immobilien/marktplatz/details/show/22464483
551,https://www.comparis.ch/immobilien/marktplatz/details/show/22679222
552,https://www.comparis.ch/immobilien/marktplatz/details/show/22669668
553,https://www.comparis.ch/immobilien/marktplatz/details/show/22660694
554,https://www.comparis.ch/immobilien/marktplatz/details/show/22921052
555,https://www.comparis.ch/immobilien/marktplatz/details/show/22646355
556,https://www.comparis.ch/immobilien/marktplatz/details/show/22777264
557,https://www.comparis.ch/immobilien/marktplatz/details/show/22673571
558,https://www.comparis.ch/immobilien/marktplatz/details/show/22658197
559,https://www.comparis.ch/immobilien/marktplatz/details/show/22641154
560,https://www.comparis.ch/immobilien/marktplatz/details/show/22670104
561,https://www.comparis.ch/immobilien/marktplatz/details/show/22634101
562,https://www.comparis.ch/immobilien/marktplatz/details/show/22630891
563,https://www.comparis.ch/immobilien/marktplatz/details/show/22930239
564,https://www.comparis.ch/immobilien/marktplatz/details/show/22631450
565,https://www.comparis.ch/immobilien/marktplatz/details/show/22630543
566,https://www.comparis.ch/immobilien/marktplatz/details/show/22629120
567,https://www.comparis.ch/immobilien/marktplatz/details/show/22627730
568,https://www.comparis.ch/immobilien/marktplatz/details/show/22626059
569,https://www.comparis.ch/immobilien/marktplatz/details/show/22629805
570,https://www.comparis.ch/immobilien/marktplatz/details/show/22634099
571,https://www.comparis.ch/immobilien/marktplatz/details/show/22629804
572,https://www.comparis.ch/immobilien/marktplatz/details/show/22848197
573,https://www.comparis.ch/immobilien/marktplatz/details/show/22621887
574,https://www.comparis.ch/immobilien/marktplatz/details/show/22586867
575,https://www.comparis.ch/immobilien/marktplatz/details/show/22394497
576,https://www.comparis.ch/immobilien/marktplatz/details/show/22624636
577,https://www.comparis.ch/immobilien/marktplatz/details/show/22716586
578,https://www.comparis.ch/immobilien/marktplatz/details/show/22789961
579,https://www.comparis.ch/immobilien/marktplatz/details/show/22583828
580,https://www.comparis.ch/immobilien/marktplatz/details/show/22485331
581,https://www.comparis.ch/immobilien/marktplatz/details/show/22604923
582,https://www.comparis.ch/immobilien/marktplatz/details/show/22919678
583,https://www.comparis.ch/immobilien/marktplatz/details/show/22571175
584,https://www.comparis.ch/immobilien/marktplatz/details/show/22578189
585,https://www.comparis.ch/immobilien/marktplatz/details/show/22570932
586,https://www.comparis.ch/immobilien/marktplatz/details/show/22579121
587,https://www.comparis.ch/immobilien/marktplatz/details/show/23025899
588,https://www.comparis.ch/immobilien/marktplatz/details/show/22568524
589,https://www.comparis.ch/immobilien/marktplatz/details/show/22575321
590,https://www.comparis.ch/immobilien/marktplatz/details/show/22193572
591,https://www.comparis.ch/immobilien/marktplatz/details/show/22570265
592,https://www.comparis.ch/immobilien/marktplatz/details/show/22979611
593,https://www.comparis.ch/immobilien/marktplatz/details/show/23018296
594,https://www.comparis.ch/immobilien/marktplatz/details/show/23025182
595,https://www.comparis.ch/immobilien/marktplatz/details/show/22856274
596,https://www.comparis.ch/immobilien/marktplatz/details/show/22543224
597,https://www.comparis.ch/immobilien/marktplatz/details/show/22535127
598,https://www.comparis.ch/immobilien/marktplatz/details/show/22548756
599,https://www.comparis.ch/immobilien/marktplatz/details/show/22549464
600,https://www.comparis.ch/immobilien/marktplatz/details/show/22562918
601,https://www.comparis.ch/immobilien/marktplatz/details/show/22542085
602,https://www.comparis.ch/immobilien/marktplatz/details/show/22940495
603,https://www.comparis.ch/immobilien/marktplatz/details/show/22716577
604,https://www.comparis.ch/immobilien/marktplatz/details/show/22528880
605,https://www.comparis.ch/immobilien/marktplatz/details/show/22517122
606,https://www.comparis.ch/immobilien/marktplatz/details/show/22879575
607,https://www.comparis.ch/immobilien/marktplatz/details/show/22535394
608,https://www.comparis.ch/immobilien/marktplatz/details/show/22539051
609,https://www.comparis.ch/immobilien/marktplatz/details/show/22519198
610,https://www.comparis.ch/immobilien/marktplatz/details/show/23018297
611,https://www.comparis.ch/immobilien/marktplatz/details/show/22881998
612,https://www.comparis.ch/immobilien/marktplatz/details/show/22505369
613,https://www.comparis.ch/immobilien/marktplatz/details/show/22562773
614,https://www.comparis.ch/immobilien/marktplatz/details/show/22919654
615,https://www.comparis.ch/immobilien/marktplatz/details/show/22121564
616,https://www.comparis.ch/immobilien/marktplatz/details/show/22852017
617,https://www.comparis.ch/immobilien/marktplatz/details/show/22500114
618,https://www.comparis.ch/immobilien/marktplatz/details/show/22513324
619,https://www.comparis.ch/immobilien/marktplatz/details/show/23024695
620,https://www.comparis.ch/immobilien/marktplatz/details/show/22486129
621,https://www.comparis.ch/immobilien/marktplatz/details/show/22487418
622,https://www.comparis.ch/immobilien/marktplatz/details/show/22456492
623,https://www.comparis.ch/immobilien/marktplatz/details/show/22458297
624,https://www.comparis.ch/immobilien/marktplatz/details/show/22778088
625,https://www.comparis.ch/immobilien/marktplatz/details/show/22412628
626,https://www.comparis.ch/immobilien/marktplatz/details/show/22461911
627,https://www.comparis.ch/immobilien/marktplatz/details/show/22535492
628,https://www.comparis.ch/immobilien/marktplatz/details/show/22412060
629,https://www.comparis.ch/immobilien/marktplatz/details/show/22709261
630,https://www.comparis.ch/immobilien/marktplatz/details/show/22716581
631,https://www.comparis.ch/immobilien/marktplatz/details/show/22801397
632,https://www.comparis.ch/immobilien/marktplatz/details/show/22409350
633,https://www.comparis.ch/immobilien/marktplatz/details/show/22440482
634,https://www.comparis.ch/immobilien/marktplatz/details/show/22371514
635,https://www.comparis.ch/immobilien/marktplatz/details/show/22696121
636,https://www.comparis.ch/immobilien/marktplatz/details/show/22783178
637,https://www.comparis.ch/immobilien/marktplatz/details/show/22387120
638,https://www.comparis.ch/immobilien/marktplatz/details/show/22410815
639,https://www.comparis.ch/immobilien/marktplatz/details/show/22568122
640,https://www.comparis.ch/immobilien/marktplatz/details/show/22413228
641,https://www.comparis.ch/immobilien/marktplatz/details/show/22866995
642,https://www.comparis.ch/immobilien/marktplatz/details/show/22349596
643,https://www.comparis.ch/immobilien/marktplatz/details/show/22353841
644,https://www.comparis.ch/immobilien/marktplatz/details/show/22848026
645,https://www.comparis.ch/immobilien/marktplatz/details/show/22328581
646,https://www.comparis.ch/immobilien/marktplatz/details/show/22334029
647,https://www.comparis.ch/immobilien/marktplatz/details/show/22328369
648,https://www.comparis.ch/immobilien/marktplatz/details/show/22578963
649,https://www.comparis.ch/immobilien/marktplatz/details/show/22346226
650,https://www.comparis.ch/immobilien/marktplatz/details/show/22722696
651,https://www.comparis.ch/immobilien/marktplatz/details/show/22610220
652,https://www.comparis.ch/immobilien/marktplatz/details/show/22326622
653,https://www.comparis.ch/immobilien/marktplatz/details/show/22328345
654,https://www.comparis.ch/immobilien/marktplatz/details/show/22107205
655,https://www.comparis.ch/immobilien/marktplatz/details/show/22301091
656,https://www.comparis.ch/immobilien/marktplatz/details/show/22961200
657,https://www.comparis.ch/immobilien/marktplatz/details/show/22325244
658,https://www.comparis.ch/immobilien/marktplatz/details/show/22304574
659,https://www.comparis.ch/immobilien/marktplatz/details/show/22716579
660,https://www.comparis.ch/immobilien/marktplatz/details/show/22325850
661,https://www.comparis.ch/immobilien/marktplatz/details/show/22974344
662,https://www.comparis.ch/immobilien/marktplatz/details/show/22535293
663,https://www.comparis.ch/immobilien/marktplatz/details/show/22325049
664,https://www.comparis.ch/immobilien/marktplatz/details/show/22245660
665,https://www.comparis.ch/immobilien/marktplatz/details/show/22813817
666,https://www.comparis.ch/immobilien/marktplatz/details/show/22278582
667,https://www.comparis.ch/immobilien/marktplatz/details/show/22223188
668,https://www.comparis.ch/immobilien/marktplatz/details/show/22174564
669,https://www.comparis.ch/immobilien/marktplatz/details/show/22716587
670,https://www.comparis.ch/immobilien/marktplatz/details/show/22289612
671,https://www.comparis.ch/immobilien/marktplatz/details/show/22282206
672,https://www.comparis.ch/immobilien/marktplatz/details/show/22165824
673,https://www.comparis.ch/immobilien/marktplatz/details/show/22113363
674,https://www.comparis.ch/immobilien/marktplatz/details/show/22162875
675,https://www.comparis.ch/immobilien/marktplatz/details/show/22174663
676,https://www.comparis.ch/immobilien/marktplatz/details/show/22704023
677,https://www.comparis.ch/immobilien/marktplatz/details/show/23024429
678,https://www.comparis.ch/immobilien/marktplatz/details/show/22166496
679,https://www.comparis.ch/immobilien/marktplatz/details/show/22102056
680,https://www.comparis.ch/immobilien/marktplatz/details/show/22169278
681,https://www.comparis.ch/immobilien/marktplatz/details/show/22282746
682,https://www.comparis.ch/immobilien/marktplatz/details/show/22075997
683,https://www.comparis.ch/immobilien/marktplatz/details/show/22690489
684,https://www.comparis.ch/immobilien/marktplatz/details/show/22434945
685,https://www.comparis.ch/immobilien/marktplatz/details/show/22051276
686,https://www.comparis.ch/immobilien/marktplatz/details/show/22938265
687,https://www.comparis.ch/immobilien/marktplatz/details/show/22839517
688,https://www.comparis.ch/immobilien/marktplatz/details/show/22093542
689,https://www.comparis.ch/immobilien/marktplatz/details/show/22091417
690,https://www.comparis.ch/immobilien/marktplatz/details/show/22048431
691,https://www.comparis.ch/immobilien/marktplatz/details/show/22075998
692,https://www.comparis.ch/immobilien/marktplatz/details/show/21831302
693,https://www.comparis.ch/immobilien/marktplatz/details/show/22021641
694,https://www.comparis.ch/immobilien/marktplatz/details/show/20460607
695,https://www.comparis.ch/immobilien/marktplatz/details/show/22716594
696,https://www.comparis.ch/immobilien/marktplatz/details/show/22925669
697,https://www.comparis.ch/immobilien/marktplatz/details/show/21822678
698,https://www.comparis.ch/immobilien/marktplatz/details/show/20823056
699,https://www.comparis.ch/immobilien/marktplatz/details/show/22234055
700,https://www.comparis.ch/immobilien/marktplatz/details/show/21822676
701,https://www.comparis.ch/immobilien/marktplatz/details/show/21988062
702,https://www.comparis.ch/immobilien/marktplatz/details/show/22965465
703,https://www.comparis.ch/immobilien/marktplatz/details/show/21728072
704,https://www.comparis.ch/immobilien/marktplatz/details/show/21822674
705,https://www.comparis.ch/immobilien/marktplatz/details/show/21786260
706,https://www.comparis.ch/immobilien/marktplatz/details/show/22984740
707,https://www.comparis.ch/immobilien/marktplatz/details/show/21480256
708,https://www.comparis.ch/immobilien/marktplatz/details/show/22716595
709,https://www.comparis.ch/immobilien/marktplatz/details/show/21288148
710,https://www.comparis.ch/immobilien/marktplatz/details/show/21805866
711,https://www.comparis.ch/immobilien/marktplatz/details/show/21717612
712,https://www.comparis.ch/immobilien/marktplatz/details/show/21373623
713,https://www.comparis.ch/immobilien/marktplatz/details/show/21867110
714,https://www.comparis.ch/immobilien/marktplatz/details/show/22174563
715,https://www.comparis.ch/immobilien/marktplatz/details/show/22919634
716,https://www.comparis.ch/immobilien/marktplatz/details/show/22749461
717,https://www.comparis.ch/immobilien/marktplatz/details/show/21480203
718,https://www.comparis.ch/immobilien/marktplatz/details/show/21056128
719,https://www.comparis.ch/immobilien/marktplatz/details/show/21202121
720,https://www.comparis.ch/immobilien/marktplatz/details/show/21161839
721,https://www.comparis.ch/immobilien/marktplatz/details/show/20842281
