Song,Singer,Lyrics,words_splited,list_bunda,list_rebolar,list_bumbum,list_cama,list_colchao,Total_words,count_bunda,count_rebolar,count_bumbum,count_colchão,count_cama,Total_sexual_words
Escreve Aí,Luan Santana,"te falo tanta coisa enquanto tento segurar a lágrima que insiste em cair  entro no meu carro abro o vidro e antes de ir embora eu te digo ""olha aqui ainda vou te esquecer escreve aí""  chego em casa e dou de cara com sua foto uma ducha e um vinho pra acalmar e eu penso ""vou partir pra outra logo"" mas quem é que eu tô tentando enganar? mas quem é que eu tô tentando enganar?  é só você fazer assim que eu volto é só você fazer assim que eu volto que eu volto  é que eu te amo e falo na sua cara se tirar você de mim não sobra nada o teu sorriso me desmonta inteiro até num simples estalar de dedos talvez você tenha deixado eu ir pra ter o gosto de me ver aqui fraco demais para continuar juntando forças pra poder falar  que eu volto é só você sorrir que eu volto é só fazer assim  que eu volto que eu volto que eu volto  chego em casa e dou de cara com sua foto uma ducha e um vinho pra acalmar e eu penso ""vou partir pra outra logo"" mas quem é que eu tô tentando enganar? mas quem é que eu tô tentando enganar?  é só você fazer assim que eu volto é só você fazer assim que eu volto que eu volto  é que eu te amo e falo na sua cara se tirar você de mim não sobra nada o teu sorriso me desmonta inteiro até num simples estalar de dedos talvez você tenha deixado eu ir pra ter o gosto de me ver aqui fraco demais para continuar juntando forças pra poder falar  que eu volto é só você sorrir que eu volto é só fazer assim que eu volto é só fazer assim  que eu volto que eu volto que eu volto","['te', 'falo', 'tanta', 'coisa', 'enquanto', 'tento', 'segurar', 'a', 'lágrima', 'que', 'insiste', 'em', 'cair', 'entro', 'no', 'meu', 'carro', 'abro', 'o', 'vidro', 'e', 'antes', 'de', 'ir', 'embora', 'eu', 'te', 'digo', 'olha', 'aqui', 'ainda', 'vou', 'te', 'esquecer', 'escreve', 'aí', 'chego', 'em', 'casa', 'e', 'dou', 'de', 'cara', 'com', 'sua', 'foto', 'uma', 'ducha', 'e', 'um', 'vinho', 'pra', 'acalmar', 'e', 'eu', 'penso', 'vou', 'partir', 'pra', 'outra', 'logo', 'mas', 'quem', 'é', 'que', 'eu', 'tô', 'tentando', 'enganar', 'mas', 'quem', 'é', 'que', 'eu', 'tô', 'tentando', 'enganar', 'é', 'só', 'você', 'fazer', 'assim', 'que', 'eu', 'volto', 'é', 'só', 'você', 'fazer', 'assim', 'que', 'eu', 'volto', 'que', 'eu', 'volto', 'é', 'que', 'eu', 'te', 'amo', 'e', 'falo', 'na', 'sua', 'cara', 'se', 'tirar', 'você', 'de', 'mim', 'não', 'sobra', 'nada', 'o', 'teu', 'sorriso', 'me', 'desmonta', 'inteiro', 'até', 'num', 'simples', 'estalar', 'de', 'dedos', 'talvez', 'você', 'tenha', 'deixado', 'eu', 'ir', 'pra', 'ter', 'o', 'gosto', 'de', 'me', 'ver', 'aqui', 'fraco', 'demais', 'para', 'continuar', 'juntando', 'forças', 'pra', 'poder', 'falar', 'que', 'eu', 'volto', 'é', 'só', 'você', 'sorrir', 'que', 'eu', 'volto', 'é', 'só', 'fazer', 'assim', 'que', 'eu', 'volto', 'que', 'eu', 'volto', 'que', 'eu', 'volto', 'chego', 'em', 'casa', 'e', 'dou', 'de', 'cara', 'com', 'sua', 'foto', 'uma', 'ducha', 'e', 'um', 'vinho', 'pra', 'acalmar', 'e', 'eu', 'penso', 'vou', 'partir', 'pra', 'outra', 'logo', 'mas', 'quem', 'é', 'que', 'eu', 'tô', 'tentando', 'enganar', 'mas', 'quem', 'é', 'que', 'eu', 'tô', 'tentando', 'enganar', 'é', 'só', 'você', 'fazer', 'assim', 'que', 'eu', 'volto', 'é', 'só', 'você', 'fazer', 'assim', 'que', 'eu', 'volto', 'que', 'eu', 'volto', 'é', 'que', 'eu', 'te', 'amo', 'e', 'falo', 'na', 'sua', 'cara', 'se', 'tirar', 'você', 'de', 'mim', 'não', 'sobra', 'nada', 'o', 'teu', 'sorriso', 'me', 'desmonta', 'inteiro', 'até', 'num', 'simples', 'estalar', 'de', 'dedos', 'talvez', 'você', 'tenha', 'deixado', 'eu', 'ir', 'pra', 'ter', 'o', 'gosto', 'de', 'me', 'ver', 'aqui', 'fraco', 'demais', 'para', 'continuar', 'juntando', 'forças', 'pra', 'poder', 'falar', 'que', 'eu', 'volto', 'é', 'só', 'você', 'sorrir', 'que', 'eu', 'volto', 'é', 'só', 'fazer', 'assim', 'que', 'eu', 'volto', 'é', 'só', 'fazer', 'assim', 'que', 'eu', 'volto', 'que', 'eu', 'volto', 'que', 'eu', 'volto']",[],[],[],[],[],1490,0,0,0,0,0,0
Sapequinha,Eduardo Costa,pensa num trem bom que trem gostoso hoje não tem choro nem migué se essa sapequinha cair na minha lagoa hoje eu sou jacaré pensa num trem doido que é gostoso hoje não tem choro nem migué se essa sapequinha cair na minha lagoa hoje eu sou jacaré  eu não dou mole não eu não dou mole não ela vai ver que o caipira tem pressão eu não dou mole não eu jogo ela nos meus braços grudo ela no peito e tá feito um regaço ô ô ô ô ô ô vamos brincar de besteirinha brincar de fazer amor  pensa num trem bom que trem gostoso hoje não tem choro nem migué se essa sapequinha cair na minha lagoa hoje eu sou jacaré eu não dou mole não eu não dou mole não ela vai ver que o eduardo tem pressão eu não dou mole não eu jogo ela nos meus braços grudo ela no peito e ta feito um regaço ô ô ô ô ô ô vamos brincar de besteirinha brincar de fazer amor mãos pra cima mexendo a cintura dança comigo dança comigo,"['pensa', 'num', 'trem', 'bom', 'que', 'trem', 'gostoso', 'hoje', 'não', 'tem', 'choro', 'nem', 'migué', 'se', 'essa', 'sapequinha', 'cair', 'na', 'minha', 'lagoa', 'hoje', 'eu', 'sou', 'jacaré', 'pensa', 'num', 'trem', 'doido', 'que', 'é', 'gostoso', 'hoje', 'não', 'tem', 'choro', 'nem', 'migué', 'se', 'essa', 'sapequinha', 'cair', 'na', 'minha', 'lagoa', 'hoje', 'eu', 'sou', 'jacaré', 'eu', 'não', 'dou', 'mole', 'não', 'eu', 'não', 'dou', 'mole', 'não', 'ela', 'vai', 'ver', 'que', 'o', 'caipira', 'tem', 'pressão', 'eu', 'não', 'dou', 'mole', 'não', 'eu', 'jogo', 'ela', 'nos', 'meus', 'braços', 'grudo', 'ela', 'no', 'peito', 'e', 'tá', 'feito', 'um', 'regaço', 'ô', 'ô', 'ô', 'ô', 'ô', 'ô', 'vamos', 'brincar', 'de', 'besteirinha', 'brincar', 'de', 'fazer', 'amor', 'pensa', 'num', 'trem', 'bom', 'que', 'trem', 'gostoso', 'hoje', 'não', 'tem', 'choro', 'nem', 'migué', 'se', 'essa', 'sapequinha', 'cair', 'na', 'minha', 'lagoa', 'hoje', 'eu', 'sou', 'jacaré', 'eu', 'não', 'dou', 'mole', 'não', 'eu', 'não', 'dou', 'mole', 'não', 'ela', 'vai', 'ver', 'que', 'o', 'eduardo', 'tem', 'pressão', 'eu', 'não', 'dou', 'mole', 'não', 'eu', 'jogo', 'ela', 'nos', 'meus', 'braços', 'grudo', 'ela', 'no', 'peito', 'e', 'ta', 'feito', 'um', 'regaço', 'ô', 'ô', 'ô', 'ô', 'ô', 'ô', 'vamos', 'brincar', 'de', 'besteirinha', 'brincar', 'de', 'fazer', 'amor', 'mãos', 'pra', 'cima', 'mexendo', 'a', 'cintura', 'dança', 'comigo', 'dança', 'comigo']",[],[],[],[],[],885,0,0,0,0,0,0
Seu Bombeiro,Munhoz e Mariano,eu sou seu bom seu bom seu bom seu bom bombeiro vou apagar esse seu fogo embaixo do chuveiro  eu sou seu bom seu bom seu bom seu bom bombeiro vou apagar esse seu fogo embaixo do chuveiro  você ligou 193 me chamou mais uma vez e disse é uma emergência meu amor que o beijo que eu te dei o amor que a gente fez marcou marcou  e pra apagar o seu calor de baixo do cobertor só eu só eu meu amor e seja lá onde for campo grande ou salvador e é só chamar que eu vou  eu sou seu bom seu bom seu bom seu bom bombeiro vou apagar esse seu fogo embaixo do chuveiro  eu sou seu bom seu bom seu bom seu bom bombeiro vou apagar esse seu fogo embaixo do chuveiro,"['eu', 'sou', 'seu', 'bom', 'seu', 'bom', 'seu', 'bom', 'seu', 'bom', 'bombeiro', 'vou', 'apagar', 'esse', 'seu', 'fogo', 'embaixo', 'do', 'chuveiro', 'eu', 'sou', 'seu', 'bom', 'seu', 'bom', 'seu', 'bom', 'seu', 'bom', 'bombeiro', 'vou', 'apagar', 'esse', 'seu', 'fogo', 'embaixo', 'do', 'chuveiro', 'você', 'ligou', '193', 'me', 'chamou', 'mais', 'uma', 'vez', 'e', 'disse', 'é', 'uma', 'emergência', 'meu', 'amor', 'que', 'o', 'beijo', 'que', 'eu', 'te', 'dei', 'o', 'amor', 'que', 'a', 'gente', 'fez', 'marcou', 'marcou', 'e', 'pra', 'apagar', 'o', 'seu', 'calor', 'de', 'baixo', 'do', 'cobertor', 'só', 'eu', 'só', 'eu', 'meu', 'amor', 'e', 'seja', 'lá', 'onde', 'for', 'campo', 'grande', 'ou', 'salvador', 'e', 'é', 'só', 'chamar', 'que', 'eu', 'vou', 'eu', 'sou', 'seu', 'bom', 'seu', 'bom', 'seu', 'bom', 'seu', 'bom', 'bombeiro', 'vou', 'apagar', 'esse', 'seu', 'fogo', 'embaixo', 'do', 'chuveiro', 'eu', 'sou', 'seu', 'bom', 'seu', 'bom', 'seu', 'bom', 'seu', 'bom', 'bombeiro', 'vou', 'apagar', 'esse', 'seu', 'fogo', 'embaixo', 'do', 'chuveiro']",[],[],[],[],[],647,0,0,0,0,0,0
Quando Deus Quer,Lucas Lucco,de chapinha na chuva ou de pijama feio amarelo toda descabelada mesmo assim eu te quero  com a velha calça jeans na tpm unha por fazer mesmo de mal de mim eu vou estar com você  oh oh oh quanta coisa passou você sabe não foi fácil né? mas quando deus quer oh oh oh e quando o povo falou eles não dão certo né mas quando deus quer sabe como é que é  sem maquiagem de manhãzinha quero amor mesmo gordinha depois dos filhos quero amor  eu te quero amor como deus fez e desenhou eu te quero amor como tinha que ser te quero amor como eu te quero,"['de', 'chapinha', 'na', 'chuva', 'ou', 'de', 'pijama', 'feio', 'amarelo', 'toda', 'descabelada', 'mesmo', 'assim', 'eu', 'te', 'quero', 'com', 'a', 'velha', 'calça', 'jeans', 'na', 'tpm', 'unha', 'por', 'fazer', 'mesmo', 'de', 'mal', 'de', 'mim', 'eu', 'vou', 'estar', 'com', 'você', 'oh', 'oh', 'oh', 'quanta', 'coisa', 'passou', 'você', 'sabe', 'não', 'foi', 'fácil', 'né', 'mas', 'quando', 'deus', 'quer', 'oh', 'oh', 'oh', 'e', 'quando', 'o', 'povo', 'falou', 'eles', 'não', 'dão', 'certo', 'né', 'mas', 'quando', 'deus', 'quer', 'sabe', 'como', 'é', 'que', 'é', 'sem', 'maquiagem', 'de', 'manhãzinha', 'quero', 'amor', 'mesmo', 'gordinha', 'depois', 'dos', 'filhos', 'quero', 'amor', 'eu', 'te', 'quero', 'amor', 'como', 'deus', 'fez', 'e', 'desenhou', 'eu', 'te', 'quero', 'amor', 'como', 'tinha', 'que', 'ser', 'te', 'quero', 'amor', 'como', 'eu', 'te', 'quero']",[],[],[],[],[],541,0,0,0,0,0,0
Barraqueira,Alexandre Pires,inventar desculpinha com ela não rola e se eu pedalar ela entra de sola a minha mina é periculosidade quando bola  ela leva a sério um relacionamento seu ciúme doentio não tem fundamento ela surta ela pira a qualquer momento  quando eu levo a minha mina pra badalação na frente dos outros ela me dá um beijão pra deixar bem claro ainda grita quem manda sou eu!  e se uma amiga vem pra me cumprimentar ela fecha a cara e eu começo a rezar grita piriguete fica louca pra brigar assim não dá  barraqueira só deus sabe o quanto eu te amo só deus sabe o quanto eu te quero só deus sabe o quanto eu te tolero  barraqueira só deus sabe o quanto eu te amo só deus sabe o quanto eu te quero só deus sabe o quanto eu te tolero  inventar desculpinha com ela não rola e se eu pedalar ela entra de sola a minha mina é periculosidade quando bola  ela leva a sério um relacionamento seu ciúme doentio não tem fundamento ela surta ela pira a qualquer momento  quando eu levo a minha mina pra badalação na frente dos outros ela me dá um beijão pra deixar bem claro ainda grita quem manda sou eu!  e se uma amiga vem pra me cumprimentar ela fecha a cara e eu começo a rezar grita piriguete fica louca pra brigar assim não dá   barraqueira só deus sabe o quanto eu te amo só deus sabe o quanto eu te quero só deus sabe o quanto eu te tolero  é osso! me ajuda aí ô! a deus eu peço!,"['inventar', 'desculpinha', 'com', 'ela', 'não', 'rola', 'e', 'se', 'eu', 'pedalar', 'ela', 'entra', 'de', 'sola', 'a', 'minha', 'mina', 'é', 'periculosidade', 'quando', 'bola', 'ela', 'leva', 'a', 'sério', 'um', 'relacionamento', 'seu', 'ciúme', 'doentio', 'não', 'tem', 'fundamento', 'ela', 'surta', 'ela', 'pira', 'a', 'qualquer', 'momento', 'quando', 'eu', 'levo', 'a', 'minha', 'mina', 'pra', 'badalação', 'na', 'frente', 'dos', 'outros', 'ela', 'me', 'dá', 'um', 'beijão', 'pra', 'deixar', 'bem', 'claro', 'ainda', 'grita', 'quem', 'manda', 'sou', 'eu', 'e', 'se', 'uma', 'amiga', 'vem', 'pra', 'me', 'cumprimentar', 'ela', 'fecha', 'a', 'cara', 'e', 'eu', 'começo', 'a', 'rezar', 'grita', 'piriguete', 'fica', 'louca', 'pra', 'brigar', 'assim', 'não', 'dá', 'barraqueira', 'só', 'deus', 'sabe', 'o', 'quanto', 'eu', 'te', 'amo', 'só', 'deus', 'sabe', 'o', 'quanto', 'eu', 'te', 'quero', 'só', 'deus', 'sabe', 'o', 'quanto', 'eu', 'te', 'tolero', 'barraqueira', 'só', 'deus', 'sabe', 'o', 'quanto', 'eu', 'te', 'amo', 'só', 'deus', 'sabe', 'o', 'quanto', 'eu', 'te', 'quero', 'só', 'deus', 'sabe', 'o', 'quanto', 'eu', 'te', 'tolero', 'inventar', 'desculpinha', 'com', 'ela', 'não', 'rola', 'e', 'se', 'eu', 'pedalar', 'ela', 'entra', 'de', 'sola', 'a', 'minha', 'mina', 'é', 'periculosidade', 'quando', 'bola', 'ela', 'leva', 'a', 'sério', 'um', 'relacionamento', 'seu', 'ciúme', 'doentio', 'não', 'tem', 'fundamento', 'ela', 'surta', 'ela', 'pira', 'a', 'qualquer', 'momento', 'quando', 'eu', 'levo', 'a', 'minha', 'mina', 'pra', 'badalação', 'na', 'frente', 'dos', 'outros', 'ela', 'me', 'dá', 'um', 'beijão', 'pra', 'deixar', 'bem', 'claro', 'ainda', 'grita', 'quem', 'manda', 'sou', 'eu', 'e', 'se', 'uma', 'amiga', 'vem', 'pra', 'me', 'cumprimentar', 'ela', 'fecha', 'a', 'cara', 'e', 'eu', 'começo', 'a', 'rezar', 'grita', 'piriguete', 'fica', 'louca', 'pra', 'brigar', 'assim', 'não', 'dá', 'barraqueira', 'só', 'deus', 'sabe', 'o', 'quanto', 'eu', 'te', 'amo', 'só', 'deus', 'sabe', 'o', 'quanto', 'eu', 'te', 'quero', 'só', 'deus', 'sabe', 'o', 'quanto', 'eu', 'te', 'tolero', 'é', 'osso', 'me', 'ajuda', 'aí', 'ô', 'a', 'deus', 'eu', 'peço']",[],[],[],[],[],1361,0,0,0,0,0,0
Deixa ele sofrer,Anitta,deixa ele chorar deixa ele chorar deixa ele sofrer deixa ele saber que eu tô curtindo pra valer deixa ele chorar deixa ele sofrer deixa ele saber  falei que pra mim ele não é rei tudo que eu podia falei não ia ficar assim se depender de mim ele vai enlouquecer  pode implorar meu prazer que eu não vou me arrepender eu não sou tão fácil assim já acabou pra mim  falou pra todo mundo que não me quer mais que amor e compromisso não te satisfaz agora feito bobo vem correr atrás sai me deixa em paz (sai me deixa em paz)  agora se prepara cê vai me encontrar à noite nas baladas em qualquer lugar com a pessoa certa pronto pra me amar pra me amar  deixa ele chorar deixa ele chorar deixa ele sofrer deixa ele saber que eu tô curtindo pra valer deixa ele chorar deixa ele sofrer deixa ele saber  falei que pra mim ele não é rei tudo que eu podia falei não ia ficar assim se depender de mim ele vai enlouquecer  pode implorar meu prazer que eu não vou me arrepender eu não sou tão fácil assim já acabou pra mim  então falou pra todo mundo que não me quer mais que amor e compromisso não te satisfaz agora feito bobo vem correr atrás sai me deixa em paz (sai me deixa em paz)  agora se prepara cê vai me encontrar à noite nas baladas em qualquer lugar com a pessoa certa pronto pra me amar pra me amar  deixa ele chorar deixa ele chorar deixa ele sofrer deixa ele saber que eu tô curtindo pra valer deixa ele chorar deixa ele sofrer deixa ele saber (deixa ele sofrer) deixa ele saber,"['deixa', 'ele', 'chorar', 'deixa', 'ele', 'chorar', 'deixa', 'ele', 'sofrer', 'deixa', 'ele', 'saber', 'que', 'eu', 'tô', 'curtindo', 'pra', 'valer', 'deixa', 'ele', 'chorar', 'deixa', 'ele', 'sofrer', 'deixa', 'ele', 'saber', 'falei', 'que', 'pra', 'mim', 'ele', 'não', 'é', 'rei', 'tudo', 'que', 'eu', 'podia', 'falei', 'não', 'ia', 'ficar', 'assim', 'se', 'depender', 'de', 'mim', 'ele', 'vai', 'enlouquecer', 'pode', 'implorar', 'meu', 'prazer', 'que', 'eu', 'não', 'vou', 'me', 'arrepender', 'eu', 'não', 'sou', 'tão', 'fácil', 'assim', 'já', 'acabou', 'pra', 'mim', 'falou', 'pra', 'todo', 'mundo', 'que', 'não', 'me', 'quer', 'mais', 'que', 'amor', 'e', 'compromisso', 'não', 'te', 'satisfaz', 'agora', 'feito', 'bobo', 'vem', 'correr', 'atrás', 'sai', 'me', 'deixa', 'em', 'paz', 'sai', 'me', 'deixa', 'em', 'paz', 'agora', 'se', 'prepara', 'cê', 'vai', 'me', 'encontrar', 'à', 'noite', 'nas', 'baladas', 'em', 'qualquer', 'lugar', 'com', 'a', 'pessoa', 'certa', 'pronto', 'pra', 'me', 'amar', 'pra', 'me', 'amar', 'deixa', 'ele', 'chorar', 'deixa', 'ele', 'chorar', 'deixa', 'ele', 'sofrer', 'deixa', 'ele', 'saber', 'que', 'eu', 'tô', 'curtindo', 'pra', 'valer', 'deixa', 'ele', 'chorar', 'deixa', 'ele', 'sofrer', 'deixa', 'ele', 'saber', 'falei', 'que', 'pra', 'mim', 'ele', 'não', 'é', 'rei', 'tudo', 'que', 'eu', 'podia', 'falei', 'não', 'ia', 'ficar', 'assim', 'se', 'depender', 'de', 'mim', 'ele', 'vai', 'enlouquecer', 'pode', 'implorar', 'meu', 'prazer', 'que', 'eu', 'não', 'vou', 'me', 'arrepender', 'eu', 'não', 'sou', 'tão', 'fácil', 'assim', 'já', 'acabou', 'pra', 'mim', 'então', 'falou', 'pra', 'todo', 'mundo', 'que', 'não', 'me', 'quer', 'mais', 'que', 'amor', 'e', 'compromisso', 'não', 'te', 'satisfaz', 'agora', 'feito', 'bobo', 'vem', 'correr', 'atrás', 'sai', 'me', 'deixa', 'em', 'paz', 'sai', 'me', 'deixa', 'em', 'paz', 'agora', 'se', 'prepara', 'cê', 'vai', 'me', 'encontrar', 'à', 'noite', 'nas', 'baladas', 'em', 'qualquer', 'lugar', 'com', 'a', 'pessoa', 'certa', 'pronto', 'pra', 'me', 'amar', 'pra', 'me', 'amar', 'deixa', 'ele', 'chorar', 'deixa', 'ele', 'chorar', 'deixa', 'ele', 'sofrer', 'deixa', 'ele', 'saber', 'que', 'eu', 'tô', 'curtindo', 'pra', 'valer', 'deixa', 'ele', 'chorar', 'deixa', 'ele', 'sofrer', 'deixa', 'ele', 'saber', 'deixa', 'ele', 'sofrer', 'deixa', 'ele', 'saber']",[],[],[],[],[],1478,0,0,0,0,0,0
Eu Ligo Pra Você,Zé Neto e Cristiano,desse jeito que eu ando eu não sei se aguento mais uma semana saudade é tanta  e no meio da noite o corpo reclama a falta de você a falta de você  tô jogado no canto tô bebendo de um jeito que eu não bebia saudade judia quando olho a última fotografia eu ligo pra você eu ligo pra você  tô gritando socorro meu único pedido aquele amor gostoso faz de novo comigo quero sentir seu cheiro ver o seu corpo suar então atende o celular,"['desse', 'jeito', 'que', 'eu', 'ando', 'eu', 'não', 'sei', 'se', 'aguento', 'mais', 'uma', 'semana', 'saudade', 'é', 'tanta', 'e', 'no', 'meio', 'da', 'noite', 'o', 'corpo', 'reclama', 'a', 'falta', 'de', 'você', 'a', 'falta', 'de', 'você', 'tô', 'jogado', 'no', 'canto', 'tô', 'bebendo', 'de', 'um', 'jeito', 'que', 'eu', 'não', 'bebia', 'saudade', 'judia', 'quando', 'olho', 'a', 'última', 'fotografia', 'eu', 'ligo', 'pra', 'você', 'eu', 'ligo', 'pra', 'você', 'tô', 'gritando', 'socorro', 'meu', 'único', 'pedido', 'aquele', 'amor', 'gostoso', 'faz', 'de', 'novo', 'comigo', 'quero', 'sentir', 'seu', 'cheiro', 'ver', 'o', 'seu', 'corpo', 'suar', 'então', 'atende', 'o', 'celular']",[],[],[],[],[],430,0,0,0,0,0,0
"Hey, Mundo!",Thiaguinho,ah muleke! se quiser me acompanhar vem mas vem feliz pra cima!  hey mundo! ''guenta'' eu que hoje eu tô demais! finalmente encontrei a paz e a felicidade mora aqui!  hey mundo! ''guenta'' eu que hoje eu tô assim! deus deu um presente para mim desde então não paro de sorrir  se tiver pagode então tá tudo lindo tá perfeito eu sou desse jeito se quiser me acompanhar sempre tem lugar puxa uma cadeira e vem pra batucar (pra batucar) se tiver pagode então tô em casa batuqueiro eu sou brasileiro deixo o samba me levar pra qualquer lugar pela madrugada até o sol raiar  chega mais pra você ver quando a batucada começar o nosso clima vai ferver e o bicho vai pegar  chega mais pra você ver quando a batucada começar o nosso clima vai ferver e o bicho vai pegar  (se liga aí)  hey mundo! ''guenta'' eu que hoje eu tô demais! (ah muleke!) finalmente encontrei a paz e a felicidade mora aqui! (não sai daqui nunca mais)  hey mundo! ''guenta'' eu que hoje eu tô assim! deus deu um presente para mim desde então não paro de sorrir  se tiver pagode então tá tudo lindo tá perfeito eu sou desse jeito se quiser me acompanhar sempre tem lugar puxa uma cadeira e vem pra batucar (pra batucar) se tiver pagode então tô em casa batuqueiro eu sou brasileiro deixo o samba me levar pra qualquer lugar pela madrugada até o sol raiar  chega mais pra você ver quando a batucada começar o nosso clima vai ferver e o bicho vai pegar  chega chega chega chega mais pra você ver  quando a batucada começar o nosso clima vai ferver e o bicho vai pegar  chega mais pra você ver quando a batucada começar o nosso clima vai ferver e o bicho vai pegar mulekote!  chega mais pra você ver quando a batucada começar o nosso clima vai ferver e o bicho vai pegar  chega chega chega chega mais pra você ver   hey mundo!  aí sim hein!,"['ah', 'muleke', 'se', 'quiser', 'me', 'acompanhar', 'vem', 'mas', 'vem', 'feliz', 'pra', 'cima', 'hey', 'mundo', 'guenta', 'eu', 'que', 'hoje', 'eu', 'tô', 'demais', 'finalmente', 'encontrei', 'a', 'paz', 'e', 'a', 'felicidade', 'mora', 'aqui', 'hey', 'mundo', 'guenta', 'eu', 'que', 'hoje', 'eu', 'tô', 'assim', 'deus', 'deu', 'um', 'presente', 'para', 'mim', 'desde', 'então', 'não', 'paro', 'de', 'sorrir', 'se', 'tiver', 'pagode', 'então', 'tá', 'tudo', 'lindo', 'tá', 'perfeito', 'eu', 'sou', 'desse', 'jeito', 'se', 'quiser', 'me', 'acompanhar', 'sempre', 'tem', 'lugar', 'puxa', 'uma', 'cadeira', 'e', 'vem', 'pra', 'batucar', 'pra', 'batucar', 'se', 'tiver', 'pagode', 'então', 'tô', 'em', 'casa', 'batuqueiro', 'eu', 'sou', 'brasileiro', 'deixo', 'o', 'samba', 'me', 'levar', 'pra', 'qualquer', 'lugar', 'pela', 'madrugada', 'até', 'o', 'sol', 'raiar', 'chega', 'mais', 'pra', 'você', 'ver', 'quando', 'a', 'batucada', 'começar', 'o', 'nosso', 'clima', 'vai', 'ferver', 'e', 'o', 'bicho', 'vai', 'pegar', 'chega', 'mais', 'pra', 'você', 'ver', 'quando', 'a', 'batucada', 'começar', 'o', 'nosso', 'clima', 'vai', 'ferver', 'e', 'o', 'bicho', 'vai', 'pegar', 'se', 'liga', 'aí', 'hey', 'mundo', 'guenta', 'eu', 'que', 'hoje', 'eu', 'tô', 'demais', 'ah', 'muleke', 'finalmente', 'encontrei', 'a', 'paz', 'e', 'a', 'felicidade', 'mora', 'aqui', 'não', 'sai', 'daqui', 'nunca', 'mais', 'hey', 'mundo', 'guenta', 'eu', 'que', 'hoje', 'eu', 'tô', 'assim', 'deus', 'deu', 'um', 'presente', 'para', 'mim', 'desde', 'então', 'não', 'paro', 'de', 'sorrir', 'se', 'tiver', 'pagode', 'então', 'tá', 'tudo', 'lindo', 'tá', 'perfeito', 'eu', 'sou', 'desse', 'jeito', 'se', 'quiser', 'me', 'acompanhar', 'sempre', 'tem', 'lugar', 'puxa', 'uma', 'cadeira', 'e', 'vem', 'pra', 'batucar', 'pra', 'batucar', 'se', 'tiver', 'pagode', 'então', 'tô', 'em', 'casa', 'batuqueiro', 'eu', 'sou', 'brasileiro', 'deixo', 'o', 'samba', 'me', 'levar', 'pra', 'qualquer', 'lugar', 'pela', 'madrugada', 'até', 'o', 'sol', 'raiar', 'chega', 'mais', 'pra', 'você', 'ver', 'quando', 'a', 'batucada', 'começar', 'o', 'nosso', 'clima', 'vai', 'ferver', 'e', 'o', 'bicho', 'vai', 'pegar', 'chega', 'chega', 'chega', 'chega', 'mais', 'pra', 'você', 'ver', 'quando', 'a', 'batucada', 'começar', 'o', 'nosso', 'clima', 'vai', 'ferver', 'e', 'o', 'bicho', 'vai', 'pegar', 'chega', 'mais', 'pra', 'você', 'ver', 'quando', 'a', 'batucada', 'começar', 'o', 'nosso', 'clima', 'vai', 'ferver', 'e', 'o', 'bicho', 'vai', 'pegar', 'mulekote', 'chega', 'mais', 'pra', 'você', 'ver', 'quando', 'a', 'batucada', 'começar', 'o', 'nosso', 'clima', 'vai', 'ferver', 'e', 'o', 'bicho', 'vai', 'pegar', 'chega', 'chega', 'chega', 'chega', 'mais', 'pra', 'você', 'ver', 'hey', 'mundo', 'aí', 'sim', 'hein']",[],[],[],[],[],1799,0,0,0,0,0,0
Coração cansou,Michel Teló,não vou mais te procurar nem sequer você vai ouvir falar que saiu da minha boca a palavra saudade nunca mais vai me prender eu não vou deixar você fazer de mim o que bem entende  não me chame mais de amor não me importo se você chorar eu não ligo eu acho pouco pra quem nunca soube amar  e pode esquecer os beijos que eu te dei as idas e voltas esquece também do meu amor o coração que usou cansou  pode escrever o que eu te falei depois da balada é que a saudade vem você vai ver que vai tentar mas não vai me esquecer que vai tentar mas não vai me esquecer,"['não', 'vou', 'mais', 'te', 'procurar', 'nem', 'sequer', 'você', 'vai', 'ouvir', 'falar', 'que', 'saiu', 'da', 'minha', 'boca', 'a', 'palavra', 'saudade', 'nunca', 'mais', 'vai', 'me', 'prender', 'eu', 'não', 'vou', 'deixar', 'você', 'fazer', 'de', 'mim', 'o', 'que', 'bem', 'entende', 'não', 'me', 'chame', 'mais', 'de', 'amor', 'não', 'me', 'importo', 'se', 'você', 'chorar', 'eu', 'não', 'ligo', 'eu', 'acho', 'pouco', 'pra', 'quem', 'nunca', 'soube', 'amar', 'e', 'pode', 'esquecer', 'os', 'beijos', 'que', 'eu', 'te', 'dei', 'as', 'idas', 'e', 'voltas', 'esquece', 'também', 'do', 'meu', 'amor', 'o', 'coração', 'que', 'usou', 'cansou', 'pode', 'escrever', 'o', 'que', 'eu', 'te', 'falei', 'depois', 'da', 'balada', 'é', 'que', 'a', 'saudade', 'vem', 'você', 'vai', 'ver', 'que', 'vai', 'tentar', 'mas', 'não', 'vai', 'me', 'esquecer', 'que', 'vai', 'tentar', 'mas', 'não', 'vai', 'me', 'esquecer']",[],[],[],[],[],558,0,0,0,0,0,0
Eu Quero É Rolo,Bruno e Barretto,tava sofrendo demais bebendo demais cara amassada o dia inteiro e a saudade dela rasgando o meu peito assim não vai dar não  comprei um chapéu novo uma bota de couro de jacaré botei muié até no porta malas hoje eu esqueço ela na marra ai ai  eu quero é rolo o dia inteiro no meio do povo hoje eu tô valendo mais que ouro e elas já tão derretendo hoje eu tô fervendo  eu quero é rolo o dia inteiro no meio do povo hoje eu tô valendo mais que ouro e quem não queria tá querendo hoje eu tô podendo,"['tava', 'sofrendo', 'demais', 'bebendo', 'demais', 'cara', 'amassada', 'o', 'dia', 'inteiro', 'e', 'a', 'saudade', 'dela', 'rasgando', 'o', 'meu', 'peito', 'assim', 'não', 'vai', 'dar', 'não', 'comprei', 'um', 'chapéu', 'novo', 'uma', 'bota', 'de', 'couro', 'de', 'jacaré', 'botei', 'muié', 'até', 'no', 'porta', 'malas', 'hoje', 'eu', 'esqueço', 'ela', 'na', 'marra', 'ai', 'ai', 'eu', 'quero', 'é', 'rolo', 'o', 'dia', 'inteiro', 'no', 'meio', 'do', 'povo', 'hoje', 'eu', 'tô', 'valendo', 'mais', 'que', 'ouro', 'e', 'elas', 'já', 'tão', 'derretendo', 'hoje', 'eu', 'tô', 'fervendo', 'eu', 'quero', 'é', 'rolo', 'o', 'dia', 'inteiro', 'no', 'meio', 'do', 'povo', 'hoje', 'eu', 'tô', 'valendo', 'mais', 'que', 'ouro', 'e', 'quem', 'não', 'queria', 'tá', 'querendo', 'hoje', 'eu', 'tô', 'podendo']",[],[],[],[],[],494,0,0,0,0,0,0
Que Mal Te Fiz Eu,Gusttavo Lima,não entendo porque não me falas e viras a cara cada vez que passo junto a ti  não entendo todo esse veneno que por aí espalha quando tem conversas sobre mim  por que tu sentes tanto rancor de um homem que te amava e te queria e tu deixaste diz fala tudo por favor  que mal te fiz eu? para me tratar assim como um farrapo um vagabundo um pobre coitado já não bastava ter matado o nosso amor  que mal te fiz eu? para tu depois vir me tirar a vida e quer me ver crucificado ainda não te bastava a dor que teu adeus deixou?  eu te peço por deus diga que mal te fiz eu  por que tu sentes tanto rancor de um homem que te amava e te queria e tu deixaste diz fala tudo por favor  que mal te fiz eu? para me tratares assim como um farrapo um vagabundo um pobre coitado já não bastava ter matado o nosso amor  que mal te fiz eu? para tu depois vir me tirar a vida e quer me ver crucificado ainda não te bastava a dor que teu adeus deixou?  que mal te fiz eu? para me tratares assim como um farrapo um vagabundo um pobre coitado já não bastava ter matado o nosso amor  que mal te fiz eu? para tu depois vir me tirar a vida e quer me ver crucificado ainda não te bastava a dor que teu adeus deixou?  eu te peço por deus diga que mal te fiz eu  eu te peço por deus diga que mal te fiz eu,"['não', 'entendo', 'porque', 'não', 'me', 'falas', 'e', 'viras', 'a', 'cara', 'cada', 'vez', 'que', 'passo', 'junto', 'a', 'ti', 'não', 'entendo', 'todo', 'esse', 'veneno', 'que', 'por', 'aí', 'espalha', 'quando', 'tem', 'conversas', 'sobre', 'mim', 'por', 'que', 'tu', 'sentes', 'tanto', 'rancor', 'de', 'um', 'homem', 'que', 'te', 'amava', 'e', 'te', 'queria', 'e', 'tu', 'deixaste', 'diz', 'fala', 'tudo', 'por', 'favor', 'que', 'mal', 'te', 'fiz', 'eu', 'para', 'me', 'tratar', 'assim', 'como', 'um', 'farrapo', 'um', 'vagabundo', 'um', 'pobre', 'coitado', 'já', 'não', 'bastava', 'ter', 'matado', 'o', 'nosso', 'amor', 'que', 'mal', 'te', 'fiz', 'eu', 'para', 'tu', 'depois', 'vir', 'me', 'tirar', 'a', 'vida', 'e', 'quer', 'me', 'ver', 'crucificado', 'ainda', 'não', 'te', 'bastava', 'a', 'dor', 'que', 'teu', 'adeus', 'deixou', 'eu', 'te', 'peço', 'por', 'deus', 'diga', 'que', 'mal', 'te', 'fiz', 'eu', 'por', 'que', 'tu', 'sentes', 'tanto', 'rancor', 'de', 'um', 'homem', 'que', 'te', 'amava', 'e', 'te', 'queria', 'e', 'tu', 'deixaste', 'diz', 'fala', 'tudo', 'por', 'favor', 'que', 'mal', 'te', 'fiz', 'eu', 'para', 'me', 'tratares', 'assim', 'como', 'um', 'farrapo', 'um', 'vagabundo', 'um', 'pobre', 'coitado', 'já', 'não', 'bastava', 'ter', 'matado', 'o', 'nosso', 'amor', 'que', 'mal', 'te', 'fiz', 'eu', 'para', 'tu', 'depois', 'vir', 'me', 'tirar', 'a', 'vida', 'e', 'quer', 'me', 'ver', 'crucificado', 'ainda', 'não', 'te', 'bastava', 'a', 'dor', 'que', 'teu', 'adeus', 'deixou', 'que', 'mal', 'te', 'fiz', 'eu', 'para', 'me', 'tratares', 'assim', 'como', 'um', 'farrapo', 'um', 'vagabundo', 'um', 'pobre', 'coitado', 'já', 'não', 'bastava', 'ter', 'matado', 'o', 'nosso', 'amor', 'que', 'mal', 'te', 'fiz', 'eu', 'para', 'tu', 'depois', 'vir', 'me', 'tirar', 'a', 'vida', 'e', 'quer', 'me', 'ver', 'crucificado', 'ainda', 'não', 'te', 'bastava', 'a', 'dor', 'que', 'teu', 'adeus', 'deixou', 'eu', 'te', 'peço', 'por', 'deus', 'diga', 'que', 'mal', 'te', 'fiz', 'eu', 'eu', 'te', 'peço', 'por', 'deus', 'diga', 'que', 'mal', 'te', 'fiz', 'eu']",[],[],[],[],[],1274,0,0,0,0,0,0
Aquele 1%,Marcos e Belutti,eu abro a porta e puxo a cadeira do jantar a luz de velas pra ela se apaixonar eu mando flores chocolates e cartão o meu problema sempre foi ter grande coração  ligo no outro dia no estilo don juan dormiu bem meu amor? é domingo de manhã vamos pegar uma praia deu saudade do seu beijo trato todas iguais esse é meu defeito  tô namorando todo mundo 99% anjo perfeito mas aquele 1% é vagabundo mas aquele 1% é vagabundo safado e elas gostam  tô namorando todo mundo 99% anjo perfeito mas aquele 1% é vagabundo mas aquele 1% é vagabundo safado e elas gostam  só 1%  e o 1% mais safado do brasil!  chega pra cá safadão! marcos e belutti!  eu abro a porta e puxo a cadeira do jantar a luz de velas pra ela se apaixonar eu mando flores chocolates e cartão o meu problema sempre foi ter grande coração  eu ligo no outro dia no estilo don juan dormiu bem meu amor? é domingo de manhã vamos pegar uma praia deu saudade do seu beijo trato todas iguais esse é meu defeito  tô namorando todo mundo 99% anjo perfeito mas aquele 1% é vagabundo aquele 1% é vagabundo safado e elas gostam  tô namorando todo mundo 99% anjo perfeito mas aquele 1% é vagabundo aquele 1% é vagabundo mostra a safadeza de vocês vai  tô namorando todo mundo 99% anjo perfeito mas aquele 1% é vagabundo mas aquele 1% é vagabundo safadão e elas gostam  tô namorando todo mundo 99% anjo perfeito mas aquele 1% é vagabundo mas aquele 1% é vagabundo safadão e elas gostam  só 1%! e elas gostam! e elas gostam!  wesley safadão! valeu safadão! marcos e belutti!,"['eu', 'abro', 'a', 'porta', 'e', 'puxo', 'a', 'cadeira', 'do', 'jantar', 'a', 'luz', 'de', 'velas', 'pra', 'ela', 'se', 'apaixonar', 'eu', 'mando', 'flores', 'chocolates', 'e', 'cartão', 'o', 'meu', 'problema', 'sempre', 'foi', 'ter', 'grande', 'coração', 'ligo', 'no', 'outro', 'dia', 'no', 'estilo', 'don', 'juan', 'dormiu', 'bem', 'meu', 'amor', 'é', 'domingo', 'de', 'manhã', 'vamos', 'pegar', 'uma', 'praia', 'deu', 'saudade', 'do', 'seu', 'beijo', 'trato', 'todas', 'iguais', 'esse', 'é', 'meu', 'defeito', 'tô', 'namorando', 'todo', 'mundo', '99', 'anjo', 'perfeito', 'mas', 'aquele', '1', 'é', 'vagabundo', 'mas', 'aquele', '1', 'é', 'vagabundo', 'safado', 'e', 'elas', 'gostam', 'tô', 'namorando', 'todo', 'mundo', '99', 'anjo', 'perfeito', 'mas', 'aquele', '1', 'é', 'vagabundo', 'mas', 'aquele', '1', 'é', 'vagabundo', 'safado', 'e', 'elas', 'gostam', 'só', '1', 'e', 'o', '1', 'mais', 'safado', 'do', 'brasil', 'chega', 'pra', 'cá', 'safadão', 'marcos', 'e', 'belutti', 'eu', 'abro', 'a', 'porta', 'e', 'puxo', 'a', 'cadeira', 'do', 'jantar', 'a', 'luz', 'de', 'velas', 'pra', 'ela', 'se', 'apaixonar', 'eu', 'mando', 'flores', 'chocolates', 'e', 'cartão', 'o', 'meu', 'problema', 'sempre', 'foi', 'ter', 'grande', 'coração', 'eu', 'ligo', 'no', 'outro', 'dia', 'no', 'estilo', 'don', 'juan', 'dormiu', 'bem', 'meu', 'amor', 'é', 'domingo', 'de', 'manhã', 'vamos', 'pegar', 'uma', 'praia', 'deu', 'saudade', 'do', 'seu', 'beijo', 'trato', 'todas', 'iguais', 'esse', 'é', 'meu', 'defeito', 'tô', 'namorando', 'todo', 'mundo', '99', 'anjo', 'perfeito', 'mas', 'aquele', '1', 'é', 'vagabundo', 'aquele', '1', 'é', 'vagabundo', 'safado', 'e', 'elas', 'gostam', 'tô', 'namorando', 'todo', 'mundo', '99', 'anjo', 'perfeito', 'mas', 'aquele', '1', 'é', 'vagabundo', 'aquele', '1', 'é', 'vagabundo', 'mostra', 'a', 'safadeza', 'de', 'vocês', 'vai', 'tô', 'namorando', 'todo', 'mundo', '99', 'anjo', 'perfeito', 'mas', 'aquele', '1', 'é', 'vagabundo', 'mas', 'aquele', '1', 'é', 'vagabundo', 'safadão', 'e', 'elas', 'gostam', 'tô', 'namorando', 'todo', 'mundo', '99', 'anjo', 'perfeito', 'mas', 'aquele', '1', 'é', 'vagabundo', 'mas', 'aquele', '1', 'é', 'vagabundo', 'safadão', 'e', 'elas', 'gostam', 'só', '1', 'e', 'elas', 'gostam', 'e', 'elas', 'gostam', 'wesley', 'safadão', 'valeu', 'safadão', 'marcos', 'e', 'belutti']",[],[],[],[],[],1516,0,0,0,0,0,0
Você Não Me Conhece,Gusttavo Lima,"você não me conhece me julgando até assim parece que eu sou o pior ser humano do mundo quando ta com raiva esquece de tudo poe em jogo três anos por causa de uma discussão  você não é capaz quando promete não fazer mais eu confio nas suas palavras mas você vai correndo estraga e de novo perdeu a postura outra vez me culpando por suas loucuras  não tem ser humano no mundo que aguente essa relação vai terminar machucando a gente você bem que podia tentar ser diferente  não tem ser humano no mundo que aguente quando eu digo que to indo embora e ""ce"" entra na frente e me diz três palavras e fica tudo bem com a gente","['você', 'não', 'me', 'conhece', 'me', 'julgando', 'até', 'assim', 'parece', 'que', 'eu', 'sou', 'o', 'pior', 'ser', 'humano', 'do', 'mundo', 'quando', 'ta', 'com', 'raiva', 'esquece', 'de', 'tudo', 'poe', 'em', 'jogo', 'três', 'anos', 'por', 'causa', 'de', 'uma', 'discussão', 'você', 'não', 'é', 'capaz', 'quando', 'promete', 'não', 'fazer', 'mais', 'eu', 'confio', 'nas', 'suas', 'palavras', 'mas', 'você', 'vai', 'correndo', 'estraga', 'e', 'de', 'novo', 'perdeu', 'a', 'postura', 'outra', 'vez', 'me', 'culpando', 'por', 'suas', 'loucuras', 'não', 'tem', 'ser', 'humano', 'no', 'mundo', 'que', 'aguente', 'essa', 'relação', 'vai', 'terminar', 'machucando', 'a', 'gente', 'você', 'bem', 'que', 'podia', 'tentar', 'ser', 'diferente', 'não', 'tem', 'ser', 'humano', 'no', 'mundo', 'que', 'aguente', 'quando', 'eu', 'digo', 'que', 'to', 'indo', 'embora', 'e', 'ce', 'entra', 'na', 'frente', 'e', 'me', 'diz', 'três', 'palavras', 'e', 'fica', 'tudo', 'bem', 'com', 'a', 'gente']",[],[],[],[],[],619,0,0,0,0,0,0
A paz desse amor,Paula Fernandes,na hora que você deixou de lado aquele meu abraço e a relação foi pro espaço fiquei sem chão na hora que você ficou em dúvida do sentimento  eu tava aí dentro do seu coração agora eu já sei pintou saudade quer tentar de novo e a nossa vida tá em jogo  eu te falei que a hora de você vir me dizer que você tá de volta e bater a porta e se arrepender saiba que eu  não vivo sem seu toque sem o teu sorriso e me doeu sentir que me deixar pra você foi preciso saiba que não  eu nunca duvidei que você me amasse eu esperei que você voltasse pra nós voltar pra dizer que me ama  não dá pra viver sem a paz desse amor voltar pra guiar o meu caminho prometa que não vai me abandonar de novo que agora vai cuidar melhor de mim e desse amor  na hora que você deixou de lado aquele meu abraço e a relação foi pro espaço fiquei sem chão na hora que você ficou em dúvida do sentimento  eu tava aí dentro do seu coração saiba que eu  não vivo sem seu toque sem o teu sorriso e me doeu sentir que me deixar pra você foi preciso saiba que não  eu nunca duvidei que você me amasse eu esperei que você voltasse pra nós voltar pra dizer que me ama  não dá pra viver sem a paz desse amor voltar pra guiar o meu caminho prometa que não vai me abandonar de novo que agora vai cuidar melhor de mim e desse amor  do nosso amor  voltar pra dizer que me ama não dá pra viver sem a paz desse amor voltar pra guiar o meu caminho prometa que não vai me abandonar de novo que agora vai cuidar melhor de mim e desse amor prometa que não vai me abandonar de novo que agora vai cuidar melhor de mim e desse amor,"['na', 'hora', 'que', 'você', 'deixou', 'de', 'lado', 'aquele', 'meu', 'abraço', 'e', 'a', 'relação', 'foi', 'pro', 'espaço', 'fiquei', 'sem', 'chão', 'na', 'hora', 'que', 'você', 'ficou', 'em', 'dúvida', 'do', 'sentimento', 'eu', 'tava', 'aí', 'dentro', 'do', 'seu', 'coração', 'agora', 'eu', 'já', 'sei', 'pintou', 'saudade', 'quer', 'tentar', 'de', 'novo', 'e', 'a', 'nossa', 'vida', 'tá', 'em', 'jogo', 'eu', 'te', 'falei', 'que', 'a', 'hora', 'de', 'você', 'vir', 'me', 'dizer', 'que', 'você', 'tá', 'de', 'volta', 'e', 'bater', 'a', 'porta', 'e', 'se', 'arrepender', 'saiba', 'que', 'eu', 'não', 'vivo', 'sem', 'seu', 'toque', 'sem', 'o', 'teu', 'sorriso', 'e', 'me', 'doeu', 'sentir', 'que', 'me', 'deixar', 'pra', 'você', 'foi', 'preciso', 'saiba', 'que', 'não', 'eu', 'nunca', 'duvidei', 'que', 'você', 'me', 'amasse', 'eu', 'esperei', 'que', 'você', 'voltasse', 'pra', 'nós', 'voltar', 'pra', 'dizer', 'que', 'me', 'ama', 'não', 'dá', 'pra', 'viver', 'sem', 'a', 'paz', 'desse', 'amor', 'voltar', 'pra', 'guiar', 'o', 'meu', 'caminho', 'prometa', 'que', 'não', 'vai', 'me', 'abandonar', 'de', 'novo', 'que', 'agora', 'vai', 'cuidar', 'melhor', 'de', 'mim', 'e', 'desse', 'amor', 'na', 'hora', 'que', 'você', 'deixou', 'de', 'lado', 'aquele', 'meu', 'abraço', 'e', 'a', 'relação', 'foi', 'pro', 'espaço', 'fiquei', 'sem', 'chão', 'na', 'hora', 'que', 'você', 'ficou', 'em', 'dúvida', 'do', 'sentimento', 'eu', 'tava', 'aí', 'dentro', 'do', 'seu', 'coração', 'saiba', 'que', 'eu', 'não', 'vivo', 'sem', 'seu', 'toque', 'sem', 'o', 'teu', 'sorriso', 'e', 'me', 'doeu', 'sentir', 'que', 'me', 'deixar', 'pra', 'você', 'foi', 'preciso', 'saiba', 'que', 'não', 'eu', 'nunca', 'duvidei', 'que', 'você', 'me', 'amasse', 'eu', 'esperei', 'que', 'você', 'voltasse', 'pra', 'nós', 'voltar', 'pra', 'dizer', 'que', 'me', 'ama', 'não', 'dá', 'pra', 'viver', 'sem', 'a', 'paz', 'desse', 'amor', 'voltar', 'pra', 'guiar', 'o', 'meu', 'caminho', 'prometa', 'que', 'não', 'vai', 'me', 'abandonar', 'de', 'novo', 'que', 'agora', 'vai', 'cuidar', 'melhor', 'de', 'mim', 'e', 'desse', 'amor', 'do', 'nosso', 'amor', 'voltar', 'pra', 'dizer', 'que', 'me', 'ama', 'não', 'dá', 'pra', 'viver', 'sem', 'a', 'paz', 'desse', 'amor', 'voltar', 'pra', 'guiar', 'o', 'meu', 'caminho', 'prometa', 'que', 'não', 'vai', 'me', 'abandonar', 'de', 'novo', 'que', 'agora', 'vai', 'cuidar', 'melhor', 'de', 'mim', 'e', 'desse', 'amor', 'prometa', 'que', 'não', 'vai', 'me', 'abandonar', 'de', 'novo', 'que', 'agora', 'vai', 'cuidar', 'melhor', 'de', 'mim', 'e', 'desse', 'amor']",[],[],[],[],[],1578,0,0,0,0,0,0
Os Anjos Cantam,Jorge,no primeiro instante vi que era amor no momento em que a gente se encontrou no segundo instante vi que era você já te amo tanto sem te conhecer  é que nos meus sonhos você era linda pessoalmente é mais linda ainda nosso amor veio de outras vidas eu vou te amar nas outras vidas que virão  é que você nasceu pra ser minha vamos dividir uma casinha uma cama dormir de conchinha  deus abençoou a nossa união  e os anjos cantam nosso amor ôuo ôuo ôuo e os anjos cantam nosso amor ôuo ôuo ôuo  no primeiro instante vi que era amor no momento em que a gente se encontrou no segundo instante vi que era você já te amo tanto sem te conhecer  é que nos meus sonhos você era linda pessoalmente é mais linda ainda nosso amor veio de outras vidas eu vou te amar nas outras vidas que virão  é que você nasceu pra ser minha vamos dividir uma casinha uma cama dormir de conchinha  deus abençoou a nossa união  e os anjos cantam nosso amor ôuo ôuo ôuo e os anjos cantam nosso amor ôuo ôuo ôuo,"['no', 'primeiro', 'instante', 'vi', 'que', 'era', 'amor', 'no', 'momento', 'em', 'que', 'a', 'gente', 'se', 'encontrou', 'no', 'segundo', 'instante', 'vi', 'que', 'era', 'você', 'já', 'te', 'amo', 'tanto', 'sem', 'te', 'conhecer', 'é', 'que', 'nos', 'meus', 'sonhos', 'você', 'era', 'linda', 'pessoalmente', 'é', 'mais', 'linda', 'ainda', 'nosso', 'amor', 'veio', 'de', 'outras', 'vidas', 'eu', 'vou', 'te', 'amar', 'nas', 'outras', 'vidas', 'que', 'virão', 'é', 'que', 'você', 'nasceu', 'pra', 'ser', 'minha', 'vamos', 'dividir', 'uma', 'casinha', 'uma', 'cama', 'dormir', 'de', 'conchinha', 'deus', 'abençoou', 'a', 'nossa', 'união', 'e', 'os', 'anjos', 'cantam', 'nosso', 'amor', 'ôuo', 'ôuo', 'ôuo', 'e', 'os', 'anjos', 'cantam', 'nosso', 'amor', 'ôuo', 'ôuo', 'ôuo', 'no', 'primeiro', 'instante', 'vi', 'que', 'era', 'amor', 'no', 'momento', 'em', 'que', 'a', 'gente', 'se', 'encontrou', 'no', 'segundo', 'instante', 'vi', 'que', 'era', 'você', 'já', 'te', 'amo', 'tanto', 'sem', 'te', 'conhecer', 'é', 'que', 'nos', 'meus', 'sonhos', 'você', 'era', 'linda', 'pessoalmente', 'é', 'mais', 'linda', 'ainda', 'nosso', 'amor', 'veio', 'de', 'outras', 'vidas', 'eu', 'vou', 'te', 'amar', 'nas', 'outras', 'vidas', 'que', 'virão', 'é', 'que', 'você', 'nasceu', 'pra', 'ser', 'minha', 'vamos', 'dividir', 'uma', 'casinha', 'uma', 'cama', 'dormir', 'de', 'conchinha', 'deus', 'abençoou', 'a', 'nossa', 'união', 'e', 'os', 'anjos', 'cantam', 'nosso', 'amor', 'ôuo', 'ôuo', 'ôuo', 'e', 'os', 'anjos', 'cantam', 'nosso', 'amor', 'ôuo', 'ôuo', 'ôuo']",[],[],[],"['cama', 'cama']",[],976,0,0,0,0,2,2
Te Amo,Zé Neto e Cristiano,onde você pensa que vai com essas malas jogadas no chão com esse rosto coberto de pranto e essa sombra no seu coração  onde você pensa que vai senta aqui ainda não acabou sei que nunca fui o mais perfeito nunca dei o que você sonhou  émas agora eu posso ver  que eu não saberia acordar todo dia olhar do meu lado e não te sentir não me aceitaria olhando no espelho  sabendo que um dia te deixei partir  eu não imagino como seja o mundo sem você por perto eu não posso seguir me desculpa por tudo que fiz se te fiz infeliz e nunca admiti  te amo te amo te amo te amo te amo,"['onde', 'você', 'pensa', 'que', 'vai', 'com', 'essas', 'malas', 'jogadas', 'no', 'chão', 'com', 'esse', 'rosto', 'coberto', 'de', 'pranto', 'e', 'essa', 'sombra', 'no', 'seu', 'coração', 'onde', 'você', 'pensa', 'que', 'vai', 'senta', 'aqui', 'ainda', 'não', 'acabou', 'sei', 'que', 'nunca', 'fui', 'o', 'mais', 'perfeito', 'nunca', 'dei', 'o', 'que', 'você', 'sonhou', 'émas', 'agora', 'eu', 'posso', 'ver', 'que', 'eu', 'não', 'saberia', 'acordar', 'todo', 'dia', 'olhar', 'do', 'meu', 'lado', 'e', 'não', 'te', 'sentir', 'não', 'me', 'aceitaria', 'olhando', 'no', 'espelho', 'sabendo', 'que', 'um', 'dia', 'te', 'deixei', 'partir', 'eu', 'não', 'imagino', 'como', 'seja', 'o', 'mundo', 'sem', 'você', 'por', 'perto', 'eu', 'não', 'posso', 'seguir', 'me', 'desculpa', 'por', 'tudo', 'que', 'fiz', 'se', 'te', 'fiz', 'infeliz', 'e', 'nunca', 'admiti', 'te', 'amo', 'te', 'amo', 'te', 'amo', 'te', 'amo', 'te', 'amo']",[],[],[],[],[],572,0,0,0,0,0,0
FLORES EM VIDA,Luciano,quero o seu amor agora não a saudade depois seu carinho pela vida afora antes que o fim pare entre nós dois  quero a sua companhia caminhar na mesma direção exceto que um certo dia a vida nos separe em alguma estação  quero flores em vida seu sorriso a me iluminar as lágrimas de despedida não estarei por perto para enxugar  eu quero viver a vida quero flores em vida colhidas no jardim do amor  do nosso amor  quero flores em vida seu sorriso a me iluminar as lágrimas de despedida não estarei por perto para enxugar  eu quero viver a vida quero flores em vida colhidas no jardim do amor  do nosso amor,"['quero', 'o', 'seu', 'amor', 'agora', 'não', 'a', 'saudade', 'depois', 'seu', 'carinho', 'pela', 'vida', 'afora', 'antes', 'que', 'o', 'fim', 'pare', 'entre', 'nós', 'dois', 'quero', 'a', 'sua', 'companhia', 'caminhar', 'na', 'mesma', 'direção', 'exceto', 'que', 'um', 'certo', 'dia', 'a', 'vida', 'nos', 'separe', 'em', 'alguma', 'estação', 'quero', 'flores', 'em', 'vida', 'seu', 'sorriso', 'a', 'me', 'iluminar', 'as', 'lágrimas', 'de', 'despedida', 'não', 'estarei', 'por', 'perto', 'para', 'enxugar', 'eu', 'quero', 'viver', 'a', 'vida', 'quero', 'flores', 'em', 'vida', 'colhidas', 'no', 'jardim', 'do', 'amor', 'do', 'nosso', 'amor', 'quero', 'flores', 'em', 'vida', 'seu', 'sorriso', 'a', 'me', 'iluminar', 'as', 'lágrimas', 'de', 'despedida', 'não', 'estarei', 'por', 'perto', 'para', 'enxugar', 'eu', 'quero', 'viver', 'a', 'vida', 'quero', 'flores', 'em', 'vida', 'colhidas', 'no', 'jardim', 'do', 'amor', 'do', 'nosso', 'amor']",[],[],[],[],[],604,0,0,0,0,0,0
Isso Cê Num Conta,Bruno e Marrone,fala pra elas que o fim de semana foi o melhor da sua vida que voltou a sorrir porque tava sem mim  faz elas acreditarem que era de dó que ainda tava comigo que eu sempre fui um cara chato que nem sabe como tava do meu lado  que a gente foi no motel ontem isso cê num conta isso cê num conta e que você pagou a conta isso cê num conta isso cê num conta  que ainda chora escondida isso cê num conta isso cê num conta que pediu pra voltar comigo isso cê num conta isso cê num conta,"['fala', 'pra', 'elas', 'que', 'o', 'fim', 'de', 'semana', 'foi', 'o', 'melhor', 'da', 'sua', 'vida', 'que', 'voltou', 'a', 'sorrir', 'porque', 'tava', 'sem', 'mim', 'faz', 'elas', 'acreditarem', 'que', 'era', 'de', 'dó', 'que', 'ainda', 'tava', 'comigo', 'que', 'eu', 'sempre', 'fui', 'um', 'cara', 'chato', 'que', 'nem', 'sabe', 'como', 'tava', 'do', 'meu', 'lado', 'que', 'a', 'gente', 'foi', 'no', 'motel', 'ontem', 'isso', 'cê', 'num', 'conta', 'isso', 'cê', 'num', 'conta', 'e', 'que', 'você', 'pagou', 'a', 'conta', 'isso', 'cê', 'num', 'conta', 'isso', 'cê', 'num', 'conta', 'que', 'ainda', 'chora', 'escondida', 'isso', 'cê', 'num', 'conta', 'isso', 'cê', 'num', 'conta', 'que', 'pediu', 'pra', 'voltar', 'comigo', 'isso', 'cê', 'num', 'conta', 'isso', 'cê', 'num', 'conta']",[],[],[],[],[],479,0,0,0,0,0,0
Sosseguei,Jorge e Mateus,tô virado já tem uns três dias tô bebendo o que eu jamais bebi vou falar o que eu nunca falei é a primeira e a última vez  eu sosseguei ontem foi a despedida na balada dessa vida de solteiro eu sosseguei mudei a rota em meus planos e o que eu tava procurando eu achei em você  se quer cinema eu sou par perfeito quer curtir balada já tem seu parceiro ou ficar em casa amando o dia inteiro dividir comigo o seu brigadeiro  e nessa vida agora somos dois três quatro quantos você quiser a partir de hoje eu sou homem de uma só mulher,"['tô', 'virado', 'já', 'tem', 'uns', 'três', 'dias', 'tô', 'bebendo', 'o', 'que', 'eu', 'jamais', 'bebi', 'vou', 'falar', 'o', 'que', 'eu', 'nunca', 'falei', 'é', 'a', 'primeira', 'e', 'a', 'última', 'vez', 'eu', 'sosseguei', 'ontem', 'foi', 'a', 'despedida', 'na', 'balada', 'dessa', 'vida', 'de', 'solteiro', 'eu', 'sosseguei', 'mudei', 'a', 'rota', 'em', 'meus', 'planos', 'e', 'o', 'que', 'eu', 'tava', 'procurando', 'eu', 'achei', 'em', 'você', 'se', 'quer', 'cinema', 'eu', 'sou', 'par', 'perfeito', 'quer', 'curtir', 'balada', 'já', 'tem', 'seu', 'parceiro', 'ou', 'ficar', 'em', 'casa', 'amando', 'o', 'dia', 'inteiro', 'dividir', 'comigo', 'o', 'seu', 'brigadeiro', 'e', 'nessa', 'vida', 'agora', 'somos', 'dois', 'três', 'quatro', 'quantos', 'você', 'quiser', 'a', 'partir', 'de', 'hoje', 'eu', 'sou', 'homem', 'de', 'uma', 'só', 'mulher']",[],[],[],[],[],530,0,0,0,0,0,0
Pronto Falei,Eduardo Costa,pegue suas coisas coloca na mala eu vou te esperar lá no sofá da sala é hora de dizer adeus!  aguentei demais as suas ilusões dizendo que me amava e tendo outras paixões por aí  não me acostumei a ter só a metade uma aqui comigo e a outra na saudade mas passou  infelizmente o que começa vai ter fim e você não foi o que eu sonhei pra mim vá viver a sua vida e me esquece desaparece  eu não quero mais me sujeitar a isso que me sujeitei me doando tanto como eu lhe doei e você não deu valor eu não quero mais ter que depender do amor de alguém que fala que me ama e não ama ninguém  pode ir me cansei pronto falei!,"['pegue', 'suas', 'coisas', 'coloca', 'na', 'mala', 'eu', 'vou', 'te', 'esperar', 'lá', 'no', 'sofá', 'da', 'sala', 'é', 'hora', 'de', 'dizer', 'adeus', 'aguentei', 'demais', 'as', 'suas', 'ilusões', 'dizendo', 'que', 'me', 'amava', 'e', 'tendo', 'outras', 'paixões', 'por', 'aí', 'não', 'me', 'acostumei', 'a', 'ter', 'só', 'a', 'metade', 'uma', 'aqui', 'comigo', 'e', 'a', 'outra', 'na', 'saudade', 'mas', 'passou', 'infelizmente', 'o', 'que', 'começa', 'vai', 'ter', 'fim', 'e', 'você', 'não', 'foi', 'o', 'que', 'eu', 'sonhei', 'pra', 'mim', 'vá', 'viver', 'a', 'sua', 'vida', 'e', 'me', 'esquece', 'desaparece', 'eu', 'não', 'quero', 'mais', 'me', 'sujeitar', 'a', 'isso', 'que', 'me', 'sujeitei', 'me', 'doando', 'tanto', 'como', 'eu', 'lhe', 'doei', 'e', 'você', 'não', 'deu', 'valor', 'eu', 'não', 'quero', 'mais', 'ter', 'que', 'depender', 'do', 'amor', 'de', 'alguém', 'que', 'fala', 'que', 'me', 'ama', 'e', 'não', 'ama', 'ninguém', 'pode', 'ir', 'me', 'cansei', 'pronto', 'falei']",[],[],[],[],[],614,0,0,0,0,0,0
PIRAÇÃO,Paula Fernandes,não sei o que faço perdi o juízo cansei desse jogo esse amor eu preciso amor é verdade você me faz falta agora aqui fora sem teto sem casa com peito ferido queimando em brasa amor que saudade tô sentindo falta  agora eu vou dizer amor a história ainda não acabou  quando eu te vejo amor eu fico assim longe do teu beijo a vida é tão ruim quando eu te vejo amor é piração morro de desejo e sinto o céu no chão quando eu te vejo amor  não sei o que faço perdi o juízo cansei desse jogo esse amor eu preciso amor é verdade você me faz falta agora aqui fora sem teto sem casa com peito ferido queimando em brasa amor que saudade tô sentindo falta  agora eu vou dizer amor a história ainda não acabou me abraça e vem dizer que sim que gosta e quer voltar pra mim  quando eu te vejo amor eu fico assim longe do teu beijo a vida é tão ruim quando eu te vejo amor é piração morro de desejo e sinto o céu no chão  parece loucura mas quando eu te beijo eu perco o compasso e fico sem jeito disfarço não nego o assunto que evito mas essa paixão tá acabando comigo eu fico sonhando com esse momento há tempos que sinto um fogo aqui dentro essa piração eu tô ficando louca  quando eu te vejo amor eu fico assim longe do teu beijo a vida é tão ruim quando eu te vejo amor é piração morro de desejo e sinto o céu no chão quando eu te vejo amor longe do meu beijo amor quando eu te vejo amor morro de desejo amor,"['não', 'sei', 'o', 'que', 'faço', 'perdi', 'o', 'juízo', 'cansei', 'desse', 'jogo', 'esse', 'amor', 'eu', 'preciso', 'amor', 'é', 'verdade', 'você', 'me', 'faz', 'falta', 'agora', 'aqui', 'fora', 'sem', 'teto', 'sem', 'casa', 'com', 'peito', 'ferido', 'queimando', 'em', 'brasa', 'amor', 'que', 'saudade', 'tô', 'sentindo', 'falta', 'agora', 'eu', 'vou', 'dizer', 'amor', 'a', 'história', 'ainda', 'não', 'acabou', 'quando', 'eu', 'te', 'vejo', 'amor', 'eu', 'fico', 'assim', 'longe', 'do', 'teu', 'beijo', 'a', 'vida', 'é', 'tão', 'ruim', 'quando', 'eu', 'te', 'vejo', 'amor', 'é', 'piração', 'morro', 'de', 'desejo', 'e', 'sinto', 'o', 'céu', 'no', 'chão', 'quando', 'eu', 'te', 'vejo', 'amor', 'não', 'sei', 'o', 'que', 'faço', 'perdi', 'o', 'juízo', 'cansei', 'desse', 'jogo', 'esse', 'amor', 'eu', 'preciso', 'amor', 'é', 'verdade', 'você', 'me', 'faz', 'falta', 'agora', 'aqui', 'fora', 'sem', 'teto', 'sem', 'casa', 'com', 'peito', 'ferido', 'queimando', 'em', 'brasa', 'amor', 'que', 'saudade', 'tô', 'sentindo', 'falta', 'agora', 'eu', 'vou', 'dizer', 'amor', 'a', 'história', 'ainda', 'não', 'acabou', 'me', 'abraça', 'e', 'vem', 'dizer', 'que', 'sim', 'que', 'gosta', 'e', 'quer', 'voltar', 'pra', 'mim', 'quando', 'eu', 'te', 'vejo', 'amor', 'eu', 'fico', 'assim', 'longe', 'do', 'teu', 'beijo', 'a', 'vida', 'é', 'tão', 'ruim', 'quando', 'eu', 'te', 'vejo', 'amor', 'é', 'piração', 'morro', 'de', 'desejo', 'e', 'sinto', 'o', 'céu', 'no', 'chão', 'parece', 'loucura', 'mas', 'quando', 'eu', 'te', 'beijo', 'eu', 'perco', 'o', 'compasso', 'e', 'fico', 'sem', 'jeito', 'disfarço', 'não', 'nego', 'o', 'assunto', 'que', 'evito', 'mas', 'essa', 'paixão', 'tá', 'acabando', 'comigo', 'eu', 'fico', 'sonhando', 'com', 'esse', 'momento', 'há', 'tempos', 'que', 'sinto', 'um', 'fogo', 'aqui', 'dentro', 'essa', 'piração', 'eu', 'tô', 'ficando', 'louca', 'quando', 'eu', 'te', 'vejo', 'amor', 'eu', 'fico', 'assim', 'longe', 'do', 'teu', 'beijo', 'a', 'vida', 'é', 'tão', 'ruim', 'quando', 'eu', 'te', 'vejo', 'amor', 'é', 'piração', 'morro', 'de', 'desejo', 'e', 'sinto', 'o', 'céu', 'no', 'chão', 'quando', 'eu', 'te', 'vejo', 'amor', 'longe', 'do', 'meu', 'beijo', 'amor', 'quando', 'eu', 'te', 'vejo', 'amor', 'morro', 'de', 'desejo', 'amor']",[],[],[],[],[],1396,0,0,0,0,0,0
Chocolate quente,Michel Teló,volta aqui antes de sair me dá um beijo onde você vai assim tão cedo o dia nem amanheceu direito vem aqui é feriado volte a dormir comigo  eu adoro quando abre esse sorriso como se dissesse amor eu deixo tudo pra depois hoje vai ser só nós dois quero ficar com você falando dos planos da gente enquanto isso eu faço um chocolate quente  aproveitar que o inverno chegou pra estrear o nosso cobertor e quando o dia acabar não quero sair dos seus braços ficar pra sempre aqui eu te convenço fácil  não adianta tentar resistir o amor chegou pra você e pra mim fica pra sempre aqui,"['volta', 'aqui', 'antes', 'de', 'sair', 'me', 'dá', 'um', 'beijo', 'onde', 'você', 'vai', 'assim', 'tão', 'cedo', 'o', 'dia', 'nem', 'amanheceu', 'direito', 'vem', 'aqui', 'é', 'feriado', 'volte', 'a', 'dormir', 'comigo', 'eu', 'adoro', 'quando', 'abre', 'esse', 'sorriso', 'como', 'se', 'dissesse', 'amor', 'eu', 'deixo', 'tudo', 'pra', 'depois', 'hoje', 'vai', 'ser', 'só', 'nós', 'dois', 'quero', 'ficar', 'com', 'você', 'falando', 'dos', 'planos', 'da', 'gente', 'enquanto', 'isso', 'eu', 'faço', 'um', 'chocolate', 'quente', 'aproveitar', 'que', 'o', 'inverno', 'chegou', 'pra', 'estrear', 'o', 'nosso', 'cobertor', 'e', 'quando', 'o', 'dia', 'acabar', 'não', 'quero', 'sair', 'dos', 'seus', 'braços', 'ficar', 'pra', 'sempre', 'aqui', 'eu', 'te', 'convenço', 'fácil', 'não', 'adianta', 'tentar', 'resistir', 'o', 'amor', 'chegou', 'pra', 'você', 'e', 'pra', 'mim', 'fica', 'pra', 'sempre', 'aqui']",[],[],[],[],[],576,0,0,0,0,0,0
Flor e o Beija-flor,Henrique e Juliano,essa é uma velha história de uma flor e um beija-flor que conheceram o amor numa noite fria de outono  e as folhas caídas no chão da estação que não tem cor e a flor conhece o beija-flor e ele lhe apresenta o amor  e diz que o frio é uma fase ruim que ela era a flor mais linda do jardim e a única que suportou merece conhecer o amor e todo o seu calor  ai que saudade de um beija-flor que me beijou depois voou pra longe demais pra longe de nós  saudade de um beija-flor lembranças de um antigo amor o dia amanheceu tão lindo eu durmo e acordo sorrindo  essa é uma velha história de uma flor e um beija-flor que conheceram o amor numa noite fria de outono  e as folhas caídas no chão da estação que não tem cor e a flor conhece o beija-flor e ele lhe apresenta o amor  e diz que o frio é uma fase ruim que ela era a flor mais linda do jardim e a única que suportou merece conhecer o amor e todo o seu calor  ai que saudade de um beija-flor que me beijou depois voou pra longe demais pra longe de nós  saudade de um beija-flor lembranças de um antigo amor o dia amanheceu tão lindo eu durmo e acordo sorrindo  o dia amanheceu tão lindo eu durmo e acordo sorrindo,"['essa', 'é', 'uma', 'velha', 'história', 'de', 'uma', 'flor', 'e', 'um', 'beija', 'flor', 'que', 'conheceram', 'o', 'amor', 'numa', 'noite', 'fria', 'de', 'outono', 'e', 'as', 'folhas', 'caídas', 'no', 'chão', 'da', 'estação', 'que', 'não', 'tem', 'cor', 'e', 'a', 'flor', 'conhece', 'o', 'beija', 'flor', 'e', 'ele', 'lhe', 'apresenta', 'o', 'amor', 'e', 'diz', 'que', 'o', 'frio', 'é', 'uma', 'fase', 'ruim', 'que', 'ela', 'era', 'a', 'flor', 'mais', 'linda', 'do', 'jardim', 'e', 'a', 'única', 'que', 'suportou', 'merece', 'conhecer', 'o', 'amor', 'e', 'todo', 'o', 'seu', 'calor', 'ai', 'que', 'saudade', 'de', 'um', 'beija', 'flor', 'que', 'me', 'beijou', 'depois', 'voou', 'pra', 'longe', 'demais', 'pra', 'longe', 'de', 'nós', 'saudade', 'de', 'um', 'beija', 'flor', 'lembranças', 'de', 'um', 'antigo', 'amor', 'o', 'dia', 'amanheceu', 'tão', 'lindo', 'eu', 'durmo', 'e', 'acordo', 'sorrindo', 'essa', 'é', 'uma', 'velha', 'história', 'de', 'uma', 'flor', 'e', 'um', 'beija', 'flor', 'que', 'conheceram', 'o', 'amor', 'numa', 'noite', 'fria', 'de', 'outono', 'e', 'as', 'folhas', 'caídas', 'no', 'chão', 'da', 'estação', 'que', 'não', 'tem', 'cor', 'e', 'a', 'flor', 'conhece', 'o', 'beija', 'flor', 'e', 'ele', 'lhe', 'apresenta', 'o', 'amor', 'e', 'diz', 'que', 'o', 'frio', 'é', 'uma', 'fase', 'ruim', 'que', 'ela', 'era', 'a', 'flor', 'mais', 'linda', 'do', 'jardim', 'e', 'a', 'única', 'que', 'suportou', 'merece', 'conhecer', 'o', 'amor', 'e', 'todo', 'o', 'seu', 'calor', 'ai', 'que', 'saudade', 'de', 'um', 'beija', 'flor', 'que', 'me', 'beijou', 'depois', 'voou', 'pra', 'longe', 'demais', 'pra', 'longe', 'de', 'nós', 'saudade', 'de', 'um', 'beija', 'flor', 'lembranças', 'de', 'um', 'antigo', 'amor', 'o', 'dia', 'amanheceu', 'tão', 'lindo', 'eu', 'durmo', 'e', 'acordo', 'sorrindo', 'o', 'dia', 'amanheceu', 'tão', 'lindo', 'eu', 'durmo', 'e', 'acordo', 'sorrindo']",[],[],[],[],[],1162,0,0,0,0,0,0
ESQUECI VOCÊ,Henrique e Diego,eu esqueci você tô ligando em plena madrugada e te acordando pra dizer eu esqueci você eu já nem lembro mais que teu beijo tinha gosto de saudade que no seu perfume era tão doce eu nem me lembro mais  se eu te ligo na mesa do bar se você já cansou de escutar que um dia eu iria esquecer esse dia chegou acabou de chegar se ainda guardo lembranças de nós  na memória do meu celular se carrego comigo a foto que a gente tirou la na beira do mar tudo isso é pra você lembrar lembrar que eu te esqueci,"['eu', 'esqueci', 'você', 'tô', 'ligando', 'em', 'plena', 'madrugada', 'e', 'te', 'acordando', 'pra', 'dizer', 'eu', 'esqueci', 'você', 'eu', 'já', 'nem', 'lembro', 'mais', 'que', 'teu', 'beijo', 'tinha', 'gosto', 'de', 'saudade', 'que', 'no', 'seu', 'perfume', 'era', 'tão', 'doce', 'eu', 'nem', 'me', 'lembro', 'mais', 'se', 'eu', 'te', 'ligo', 'na', 'mesa', 'do', 'bar', 'se', 'você', 'já', 'cansou', 'de', 'escutar', 'que', 'um', 'dia', 'eu', 'iria', 'esquecer', 'esse', 'dia', 'chegou', 'acabou', 'de', 'chegar', 'se', 'ainda', 'guardo', 'lembranças', 'de', 'nós', 'na', 'memória', 'do', 'meu', 'celular', 'se', 'carrego', 'comigo', 'a', 'foto', 'que', 'a', 'gente', 'tirou', 'la', 'na', 'beira', 'do', 'mar', 'tudo', 'isso', 'é', 'pra', 'você', 'lembrar', 'lembrar', 'que', 'eu', 'te', 'esqueci']",[],[],[],[],[],497,0,0,0,0,0,0
SEU POLICIA,Zé Neto e Cristiano,seu polícia é que eu separei recentemente de paixão eu tô doente será que o senhor me entende  os vizinhos tão reclamando do volume do meu som mas enquanto ela não voltar eu vou continuar  me afogando no álcool o som do carro no talo manda a multa que eu vou pagar mas enquanto ela não voltar  sofrimento é mato coração em pedaços compreenda por favor o meu amor me deixou   seu polícia é que eu separei recentemente de paixão eu tô doente será que o senhor me entende  os vizinhos tão reclamando do volume do meu som mas enquanto ela não voltar eu vou continuar  me afogando no álcool o som do carro no talo manda a multa que eu vou pagar mas enquanto ela não voltar  sofrimento é mato coração em pedaços compreenda por favor o meu amor me deixou  me afogando no álcool o som do carro no talo manda a multa que eu vou pagar mas enquanto ela não voltar  sofrimento é mato coração em pedaços compreenda por favor o meu amor me deixou,"['seu', 'polícia', 'é', 'que', 'eu', 'separei', 'recentemente', 'de', 'paixão', 'eu', 'tô', 'doente', 'será', 'que', 'o', 'senhor', 'me', 'entende', 'os', 'vizinhos', 'tão', 'reclamando', 'do', 'volume', 'do', 'meu', 'som', 'mas', 'enquanto', 'ela', 'não', 'voltar', 'eu', 'vou', 'continuar', 'me', 'afogando', 'no', 'álcool', 'o', 'som', 'do', 'carro', 'no', 'talo', 'manda', 'a', 'multa', 'que', 'eu', 'vou', 'pagar', 'mas', 'enquanto', 'ela', 'não', 'voltar', 'sofrimento', 'é', 'mato', 'coração', 'em', 'pedaços', 'compreenda', 'por', 'favor', 'o', 'meu', 'amor', 'me', 'deixou', 'seu', 'polícia', 'é', 'que', 'eu', 'separei', 'recentemente', 'de', 'paixão', 'eu', 'tô', 'doente', 'será', 'que', 'o', 'senhor', 'me', 'entende', 'os', 'vizinhos', 'tão', 'reclamando', 'do', 'volume', 'do', 'meu', 'som', 'mas', 'enquanto', 'ela', 'não', 'voltar', 'eu', 'vou', 'continuar', 'me', 'afogando', 'no', 'álcool', 'o', 'som', 'do', 'carro', 'no', 'talo', 'manda', 'a', 'multa', 'que', 'eu', 'vou', 'pagar', 'mas', 'enquanto', 'ela', 'não', 'voltar', 'sofrimento', 'é', 'mato', 'coração', 'em', 'pedaços', 'compreenda', 'por', 'favor', 'o', 'meu', 'amor', 'me', 'deixou', 'me', 'afogando', 'no', 'álcool', 'o', 'som', 'do', 'carro', 'no', 'talo', 'manda', 'a', 'multa', 'que', 'eu', 'vou', 'pagar', 'mas', 'enquanto', 'ela', 'não', 'voltar', 'sofrimento', 'é', 'mato', 'coração', 'em', 'pedaços', 'compreenda', 'por', 'favor', 'o', 'meu', 'amor', 'me', 'deixou']",[],[],[],[],[],932,0,0,0,0,0,0
